<?xml version="1.0"?>
<PassengerNotification xmlns="http://xml.amadeus.com/PassengerNotification_AACC_XML_v1"><processingData><processingDateTime><date>05052022</date><time>094324</time></processingDateTime><responsibleOffice>JNB4Z0980</responsibleOffice><responsibleOfficeCountry>ZA</responsibleOfficeCountry><lssOrganization>4Z</lssOrganization><bookingType>L</bookingType><pNRNumberInParty>1</pNRNumberInParty><pNROwnerGDS>1A</pNROwnerGDS><notifLanguageCode>EN</notifLanguageCode></processingData><triggerData><actionCode>MN</actionCode><scenario>CRYPTIC_FEEDBACK</scenario></triggerData><recordLocator><recordNumber>LNQ7V3</recordNumber></recordLocator><recordLocator><recordNumber>212326073103</recordNumber><recordType>N</recordType></recordLocator><activeData><travellerInfo><elementProperties><name>NM</name><type>PT</type><identifier>1</identifier></elementProperties><travellerInformation><surname>CHAPLIN</surname><givenName>CHARLIE MR</givenName></travellerInformation></travellerInfo><flightInfo><elementProperties><name>AIR</name><type>ST</type><identifier>1</identifier></elementProperties><flightInformation><departureDate>050522</departureDate><departureTime>1705</departureTime><arrivalDate>050522</arrivalDate><arrivalTime>1805</arrivalTime><boardPoint>JNB</boardPoint><offPoint>BFN</offPoint><airlineCode>4Z</airlineCode><flightNumber>705</flightNumber><bookingClass>Y</bookingClass><boardPointTerminal>B</boardPointTerminal><airlineName>SA AIRLINK</airlineName><segmentStatusCode>HK</segmentStatusCode><boardPointInfo><airportName>O.R. TAMBO INTL</airportName><airportCityCode>JNB</airportCityCode><airportCityName>JOHANNESBURG</airportCityName><airportCountryCode>ZA</airportCountryCode><airportCountryName>SOUTH AFRICA</airportCountryName><airportLongitude>28.2361</airportLongitude><airportLatitude>-26.1336</airportLatitude></boardPointInfo><offPointInfo><airportName>BLOEMFONTEIN INTL</airportName><airportCityCode>BFN</airportCityCode><airportCityName>BLOEMFONTEIN</airportCityName><airportCountryCode>ZA</airportCountryCode><airportCountryName>SOUTH AFRICA</airportCountryName><airportLongitude>26.3025</airportLongitude><airportLatitude>-29.0928</airportLatitude></offPointInfo><boardPointInfoLayoutLanguage><airportName>O.R. TAMBO INTL</airportName><airportCityCode>JNB</airportCityCode><airportCityName>JOHANNESBURG</airportCityName><airportCountryCode>ZA</airportCountryCode><airportCountryName>SOUTH AFRICA</airportCountryName><airportLongitude>28.2361</airportLongitude><airportLatitude>-26.1336</airportLatitude></boardPointInfoLayoutLanguage><offPointInfoLayoutLanguage><airportName>BLOEMFONTEIN INTL</airportName><airportCityCode>BFN</airportCityCode><airportCityName>BLOEMFONTEIN</airportCityName><airportCountryCode>ZA</airportCountryCode><airportCountryName>SOUTH AFRICA</airportCountryName><airportLongitude>26.3025</airportLongitude><airportLatitude>-29.0928</airportLatitude></offPointInfoLayoutLanguage></flightInformation></flightInfo><impactedElementsNotificationContact><referenceForDataElement><type>PT</type><identifier>1</identifier></referenceForDataElement><contactDetails><mediaType>N</mediaType><recipient>27832540192</recipient><languageCode>EN</languageCode></contactDetails></impactedElementsNotificationContact><impactedElementsTicket><referenceForDataElement><type>PT</type><identifier>1</identifier></referenceForDataElement><referenceForDataElement><type>ST</type><identifier>1</identifier></referenceForDataElement><ticket><ticketNumber>7492400907283</ticketNumber><ticketPaxType>A</ticketPaxType></ticket></impactedElementsTicket></activeData><summaryData><flightInfo><elementProperties><name>AIR</name><type>ST</type><identifier>1</identifier></elementProperties><flightInformation><departureDate>050522</departureDate><departureTime>1705</departureTime><arrivalDate>050522</arrivalDate><arrivalTime>1805</arrivalTime><boardPoint>JNB</boardPoint><offPoint>BFN</offPoint><airlineCode>4Z</airlineCode><flightNumber>705</flightNumber><bookingClass>Y</bookingClass><boardPointTerminal>B</boardPointTerminal><airlineName>SA AIRLINK</airlineName><segmentStatusCode>HK</segmentStatusCode><boardPointInfo><airportName>O.R. TAMBO INTL</airportName><airportCityCode>JNB</airportCityCode><airportCityName>JOHANNESBURG</airportCityName><airportCountryCode>ZA</airportCountryCode><airportCountryName>SOUTH AFRICA</airportCountryName><airportLongitude>28.2361</airportLongitude><airportLatitude>-26.1336</airportLatitude></boardPointInfo><offPointInfo><airportName>BLOEMFONTEIN INTL</airportName><airportCityCode>BFN</airportCityCode><airportCityName>BLOEMFONTEIN</airportCityName><airportCountryCode>ZA</airportCountryCode><airportCountryName>SOUTH AFRICA</airportCountryName><airportLongitude>26.3025</airportLongitude><airportLatitude>-29.0928</airportLatitude></offPointInfo><boardPointInfoLayoutLanguage><airportName>O.R. TAMBO INTL</airportName><airportCityCode>JNB</airportCityCode><airportCityName>JOHANNESBURG</airportCityName><airportCountryCode>ZA</airportCountryCode><airportCountryName>SOUTH AFRICA</airportCountryName><airportLongitude>28.2361</airportLongitude><airportLatitude>-26.1336</airportLatitude></boardPointInfoLayoutLanguage><offPointInfoLayoutLanguage><airportName>BLOEMFONTEIN INTL</airportName><airportCityCode>BFN</airportCityCode><airportCityName>BLOEMFONTEIN</airportCityName><airportCountryCode>ZA</airportCountryCode><airportCountryName>SOUTH AFRICA</airportCountryName><airportLongitude>26.3025</airportLongitude><airportLatitude>-29.0928</airportLatitude></offPointInfoLayoutLanguage></flightInformation></flightInfo></summaryData></PassengerNotification>
