<?xml version='1.0' encoding='utf-8'?><soapenv:Envelope xmlns:soapenv="http://schemas.xmlsoap.org/soap/envelope/" xmlns:awsse="http://xml.amadeus.com/2010/06/Session_v3" xmlns:wsa="http://www.w3.org/2005/08/addressing"><soapenv:Header><wsa:To>http://www.w3.org/2005/08/addressing/anonymous</wsa:To><wsa:From><wsa:Address>https://nodeA3.test.webservices.amadeus.com/1ASIWRIA4Z</wsa:Address></wsa:From><wsa:Action>http://webservices.amadeus.com/PNRRET_17_1_1A</wsa:Action><wsa:MessageID>urn:uuid:5c834695-2794-df84-45cc-572da8d35089</wsa:MessageID><wsa:RelatesTo RelationshipType="http://www.w3.org/2005/08/addressing/reply">urn:uuid:cdad3cae-7a66-45f9-9d31-6c727f76262a</wsa:RelatesTo><awsse:Session TransactionStatusCode="InSeries"><awsse:SessionId>017A44BPE6</awsse:SessionId><awsse:SequenceNumber>1</awsse:SequenceNumber><awsse:SecurityToken>2J66DU1QEDZM822PTFNXGOCNTX</awsse:SecurityToken></awsse:Session></soapenv:Header><soapenv:Body><PNR_Reply xmlns="http://xml.amadeus.com/PNRACC_17_1_1A"><pnrHeader><reservationInfo><reservation><companyId>1A</companyId><controlNumber>LDVWML</controlNumber><date>260722</date><time>1803</time></reservation></reservationInfo></pnrHeader><securityInformation><responsibilityInformation><typeOfPnrElement>RP</typeOfPnrElement><agentId>AASU</agentId><officeId>JNB4Z08AA</officeId><iataCode>77491024</iataCode></responsibilityInformation><queueingInformation><queueingOfficeId>JNB4Z08AA</queueingOfficeId></queueingInformation><cityCode>JNB</cityCode><secondRpInformation><creationOfficeId>JNB4Z08AA</creationOfficeId><agentSignature>0001AA</agentSignature><creationDate>260722</creationDate><creatorIataCode>77491024</creatorIataCode><creationTime>1802</creationTime></secondRpInformation></securityInformation><freetextData><freetextDetail><subjectQualifier>3</subjectQualifier><type>P12</type></freetextDetail><longFreetext>--- TST RLR ---</longFreetext></freetextData><pnrHeaderTag><statusInformation><indicator>TST</indicator></statusInformation><statusInformation><indicator>RLR</indicator></statusInformation></pnrHeaderTag><sbrPOSDetails><sbrUserIdentificationOwn><originIdentification><originatorId>77491024</originatorId><inHouseIdentification1>JNB4Z08AA</inHouseIdentification1></originIdentification><originatorTypeCode>A</originatorTypeCode></sbrUserIdentificationOwn><sbrSystemDetails><deliveringSystem><companyId>4Z</companyId><locationId>JNB</locationId></deliveringSystem></sbrSystemDetails><sbrPreferences><userPreferences><codedCountry>ZA</codedCountry></userPreferences></sbrPreferences></sbrPOSDetails><sbrCreationPosDetails><sbrUserIdentificationOwn><originIdentification><originatorId>77491024</originatorId><inHouseIdentification1>JNB4Z08AA</inHouseIdentification1></originIdentification><originatorTypeCode>A</originatorTypeCode></sbrUserIdentificationOwn><sbrSystemDetails><deliveringSystem><companyId>4Z</companyId><locationId>JNB</locationId></deliveringSystem></sbrSystemDetails><sbrPreferences><userPreferences><codedCountry>ZA</codedCountry></userPreferences></sbrPreferences></sbrCreationPosDetails><sbrUpdatorPosDetails><sbrUserIdentificationOwn><originIdentification><originatorId>77491024</originatorId><inHouseIdentification1>JNB4Z08AA</inHouseIdentification1></originIdentification><originatorTypeCode>A</originatorTypeCode></sbrUserIdentificationOwn><sbrSystemDetails><deliveringSystem><companyId>4Z</companyId><locationId>JNB</locationId></deliveringSystem></sbrSystemDetails><sbrPreferences><userPreferences><codedCountry>ZA</codedCountry></userPreferences></sbrPreferences></sbrUpdatorPosDetails><technicalData><enveloppeNumberData><sequenceDetails><number>5</number></sequenceDetails></enveloppeNumberData><lastTransmittedEnvelopeNumber><currentRecord>4</currentRecord></lastTransmittedEnvelopeNumber><purgeDateData><dateTime><year>2022</year><month>8</month><day>29</day></dateTime></purgeDateData></technicalData><travellerInfo><elementManagementPassenger><reference><qualifier>PT</qualifier><number>2</number></reference><segmentName>NM</segmentName><lineNumber>1</lineNumber></elementManagementPassenger><passengerData><travellerInformation><traveller><surname>TANG</surname><quantity>1</quantity></traveller><passenger><firstName>THUG</firstName><type>ADT</type></passenger></travellerInformation></passengerData><enhancedPassengerData><enhancedTravellerInformation><travellerNameInfo><quantity>1</quantity><type>ADT</type></travellerNameInfo><otherPaxNamesDetails><nameType>UN</nameType><referenceName>Y</referenceName><displayedName>Y</displayedName><surname>TANG</surname><givenName>THUG</givenName></otherPaxNamesDetails></enhancedTravellerInformation></enhancedPassengerData></travellerInfo><originDestinationDetails><originDestination/><itineraryInfo><elementManagementItinerary><reference><qualifier>ST</qualifier><number>1</number></reference><segmentName>AIR</segmentName><lineNumber>2</lineNumber></elementManagementItinerary><travelProduct><product><depDate>160822</depDate><depTime>0750</depTime><arrDate>160822</arrDate><arrTime>0850</arrTime></product><boardpointDetail><cityCode>BFN</cityCode></boardpointDetail><offpointDetail><cityCode>JNB</cityCode></offpointDetail><companyDetail><identification>4Z</identification></companyDetail><productDetails><identification>702</identification><classOfService>W</classOfService></productDetails><typeDetail><detail>ET</detail></typeDetail></travelProduct><itineraryMessageAction><business><function>1</function></business></itineraryMessageAction><itineraryReservationInfo><reservation><companyId>4Z</companyId><controlNumber>LDVWML</controlNumber></reservation></itineraryReservationInfo><relatedProduct><quantity>1</quantity><status>HK</status></relatedProduct><flightDetail><productDetails><equipment>ER3</equipment><numOfStops>0</numOfStops><weekDay>2</weekDay></productDetails><arrivalStationInfo><terminal>B</terminal></arrivalStationInfo><facilities><entertainement>M</entertainement><entertainementDescription>S</entertainementDescription></facilities></flightDetail><selectionDetails><selection><option>P2</option></selection></selectionDetails><carbonDioxydeInfo><carbonDioxydeAmount><quantityDetails><qualifier>COE</qualifier><value>92.646077</value><unit>KPP</unit></quantityDetails></carbonDioxydeAmount><carbonDioxydeInfoSource><freeTextDetails><textSubjectQualifier>3</textSubjectQualifier><source>S</source><encoding>7</encoding></freeTextDetails><freeText>SOURCE:ICAO CARBON EMISSIONS CALCULATOR</freeText></carbonDioxydeInfoSource></carbonDioxydeInfo><distributionMethod><methodCode>E</methodCode></distributionMethod><markerRailTour/></itineraryInfo><itineraryInfo><elementManagementItinerary><reference><qualifier>ST</qualifier><number>3</number></reference><segmentName>CCR</segmentName><lineNumber>3</lineNumber></elementManagementItinerary><travelProduct><product><depDate>160822</depDate><arrDate>250822</arrDate></product><boardpointDetail><cityCode>JNB</cityCode></boardpointDetail><companyDetail><identification>ZD</identification></companyDetail><productDetails><identification>CDMR</identification></productDetails></travelProduct><itineraryMessageAction><business><function>2</function></business></itineraryMessageAction><relatedProduct><quantity>1</quantity><status>HK</status></relatedProduct><selectionDetails><selection><option>P2</option></selection></selectionDetails><typicalCarData><vehicleInformation><vehicleCharacteristic><vehicleTypeOwner>ACR</vehicleTypeOwner><vehicleRentalPrefType>CDMR</vehicleRentalPrefType><vehicleRentalPrefType>B</vehicleRentalPrefType></vehicleCharacteristic><freeTextDetails><textSubjectQualifier>3</textSubjectQualifier><informationType>SI</informationType><companyId>1A</companyId><language>EN</language><source>S</source><encoding>2</encoding></freeTextDetails><carModel>REFER TO POLICY PAGE CPOZDXXX/VEH</carModel></vehicleInformation><companyIdentification><travelSector>CAR</travelSector><companyCodeContext>1A</companyCodeContext><companyCode>ZD</companyCode><companyName>BUDGET</companyName><accessLevel>CP</accessLevel></companyIdentification><locationInfo><locationType>176</locationType><locationDescription><code>1A</code><name>JNBT01</name></locationDescription><firstLocationDetails><code>JNB</code><qualifier>145</qualifier><agency>IA</agency></firstLocationDetails></locationInfo><locationInfo><locationType>176</locationType><locationDescription><code>CPY</code><name>JNBT01*BD OR TAMBO INTERNATIONAL APT</name></locationDescription></locationInfo><locationInfo><locationType>DOL</locationType><locationDescription><code>1A</code><name>JNBT01</name></locationDescription><firstLocationDetails><code>JNB</code><qualifier>145</qualifier><agency>IA</agency></firstLocationDetails></locationInfo><locationInfo><locationType>DOL</locationType><locationDescription><code>CPY</code><name>JNBT01*BD OR TAMBO INTERNATIONAL APT</name></locationDescription></locationInfo><pickupDropoffTimes><beginDateTime><year>2022</year><month>8</month><day>16</day><hour>8</hour><minutes>50</minutes></beginDateTime><endDateTime><year>2022</year><month>8</month><day>25</day><hour>9</hour><minutes>25</minutes></endDateTime></pickupDropoffTimes><cancelOrConfirmNbr><reservation><companyId>1A</companyId><controlNumber>10568686ZA2</controlNumber><controlType>3</controlType></reservation></cancelOrConfirmNbr><rateCodeGroup><rateCodeInfo><fareCategories><fareType>9BI</fareType></fareCategories></rateCodeInfo><additionalInfo><freeTextDetails><textSubjectQualifier>3</textSubjectQualifier><informationType>SI</informationType><companyId>1A</companyId><language>EN</language><source>S</source><encoding>2</encoding></freeTextDetails><freeText>BANK AFFILIATES</freeText></additionalInfo></rateCodeGroup><customerInfo><customerReferences><referenceQualifier>CD</referenceQualifier><referenceNumber>C261901</referenceNumber></customerReferences></customerInfo><rateInfo><tariffInfo><ratePlanIndicator>WY</ratePlanIndicator><amountType>GNL</amountType></tariffInfo><rateInformation><category>24</category></rateInformation><chargeDetails><type>RG</type><comment>*ZD*ZAR226.80DY-2.86 KM 200 FK XH 277.20 2.86 KM 200 FK</comment></chargeDetails><chargeDetails><type>ES</type><comment>*ZD*ZAR 2341.66 10D 00H</comment></chargeDetails></rateInfo><rateInfo><tariffInfo><amount>2268.01</amount><currency>ZAR</currency><amountType>RB</amountType></tariffInfo><chargeDetails><type>RBP</type><numberInParty>10</numberInParty></chargeDetails></rateInfo><rateInfo><tariffInfo><amount>2341.66</amount><currency>ZAR</currency><amountType>904</amountType></tariffInfo><chargeDetails><type>90D</type><numberInParty>10</numberInParty></chargeDetails></rateInfo><payment><formOfPayment><type>CC</type><vendorCode>CA</vendorCode><creditCardNumber>517989XXXXXX2143</creditCardNumber><expiryDate>0225</expiryDate><extendedPayment>GUA</extendedPayment><fopFreeText>CCCAXXXXXXXXXXXX2143EXP0225</fopFreeText></formOfPayment></payment><bookingSource><originatorDetails><originatorId>77491024</originatorId></originatorDetails></bookingSource><marketingInfo><freetextDetail><subjectQualifier>3</subjectQualifier><type>MK</type><companyId>1A</companyId><language>EN</language></freetextDetail><text>    BANK AFFILIATES RATE INCLUDES LDW,TP,TAX,APT SUR</text><text>    EXTRA CHARGES MAY APPLY</text></marketingInfo><marketingInfo><freetextDetail><subjectQualifier>3</subjectQualifier><type>OS</type><companyId>1A</companyId></freetextDetail><text>$    **** BUDGET ****</text></marketingInfo><supleInfo><remarkDetails><type>ARR</type><freetext>4Z702-W 16AUG 0850</freetext><language>EN</language><encoding>2</encoding></remarkDetails></supleInfo><supleInfo><remarkDetails><type>CNM</type><freetext>TANG THUG</freetext><language>EN</language><encoding>2</encoding></remarkDetails></supleInfo><attribute><criteriaSetType>BAT</criteriaSetType><criteriaDetails><attributeType>COR</attributeType></criteriaDetails></attribute></typicalCarData><markerRailTour/><referenceForSegment><reference><qualifier>PT</qualifier><number>2</number></reference></referenceForSegment></itineraryInfo><itineraryInfo><elementManagementItinerary><reference><qualifier>ST</qualifier><number>2</number></reference><segmentName>AIR</segmentName><lineNumber>4</lineNumber></elementManagementItinerary><travelProduct><product><depDate>250822</depDate><depTime>0925</depTime><arrDate>250822</arrDate><arrTime>1040</arrTime></product><boardpointDetail><cityCode>JNB</cityCode></boardpointDetail><offpointDetail><cityCode>BFN</cityCode></offpointDetail><companyDetail><identification>4Z</identification></companyDetail><productDetails><identification>703</identification><classOfService>W</classOfService></productDetails><typeDetail><detail>ET</detail></typeDetail></travelProduct><itineraryMessageAction><business><function>1</function></business></itineraryMessageAction><itineraryReservationInfo><reservation><companyId>4Z</companyId><controlNumber>LDVWML</controlNumber></reservation></itineraryReservationInfo><relatedProduct><quantity>1</quantity><status>HK</status></relatedProduct><flightDetail><productDetails><equipment>J41</equipment><numOfStops>0</numOfStops><weekDay>4</weekDay></productDetails><departureInformation><departTerminal>B</departTerminal></departureInformation><facilities><entertainement>M</entertainement><entertainementDescription>S</entertainementDescription></facilities></flightDetail><selectionDetails><selection><option>P2</option></selection></selectionDetails><carbonDioxydeInfo><carbonDioxydeAmount><quantityDetails><qualifier>COE</qualifier><value>92.955115</value><unit>KPP</unit></quantityDetails></carbonDioxydeAmount><carbonDioxydeInfoSource><freeTextDetails><textSubjectQualifier>3</textSubjectQualifier><source>S</source><encoding>7</encoding></freeTextDetails><freeText>SOURCE:ICAO CARBON EMISSIONS CALCULATOR</freeText></carbonDioxydeInfoSource></carbonDioxydeInfo><distributionMethod><methodCode>E</methodCode></distributionMethod><markerRailTour/></itineraryInfo></originDestinationDetails><dataElementsMaster><marker2/><dataElementsIndiv><elementManagementData><reference><qualifier>OT</qualifier><number>16</number></reference><segmentName>AP</segmentName><lineNumber>5</lineNumber></elementManagementData><otherDataFreetext><freetextDetail><subjectQualifier>3</subjectQualifier><type>5</type></freetextDetail><longFreetext>+27 832889634-M</longFreetext></otherDataFreetext></dataElementsIndiv><dataElementsIndiv><elementManagementData><reference><qualifier>OT</qualifier><number>17</number></reference><segmentName>AP</segmentName><lineNumber>6</lineNumber></elementManagementData><otherDataFreetext><freetextDetail><subjectQualifier>3</subjectQualifier><type>5</type></freetextDetail><longFreetext>+27 832889634-S</longFreetext></otherDataFreetext></dataElementsIndiv><dataElementsIndiv><elementManagementData><reference><qualifier>OT</qualifier><number>15</number></reference><segmentName>AP</segmentName><lineNumber>7</lineNumber></elementManagementData><otherDataFreetext><freetextDetail><subjectQualifier>3</subjectQualifier><type>P02</type></freetextDetail><longFreetext>YVANDEVIJVER-REIMOLD@FLYAIRLINK.COM</longFreetext></otherDataFreetext></dataElementsIndiv><dataElementsIndiv><elementManagementData><reference><qualifier>OT</qualifier><number>18</number></reference><segmentName>AP</segmentName><lineNumber>8</lineNumber></elementManagementData><otherDataFreetext><freetextDetail><subjectQualifier>3</subjectQualifier><type>5</type><status>N</status></freetextDetail><longFreetext>4Z/M+27832889634</longFreetext></otherDataFreetext><referenceForDataElement><reference><qualifier>PT</qualifier><number>2</number></reference></referenceForDataElement></dataElementsIndiv><dataElementsIndiv><elementManagementData><reference><qualifier>OT</qualifier><number>31</number></reference><segmentName>TK</segmentName><lineNumber>9</lineNumber></elementManagementData><ticketElement><ticket><indicator>OK</indicator><date>260722</date><officeId>JNB4Z08AA</officeId><electronicTicketFlag>ET</electronicTicketFlag><airlineCode>4Z</airlineCode></ticket></ticketElement></dataElementsIndiv><dataElementsIndiv><elementManagementData><reference><qualifier>OT</qualifier><number>21</number></reference><segmentName>SSR</segmentName><lineNumber>10</lineNumber></elementManagementData><serviceRequest><ssr><type>DOCS</type><status>HK</status><quantity>1</quantity><companyId>4Z</companyId><freeText>////01JAN70/U//TANG/THUG</freeText></ssr></serviceRequest><referenceForDataElement><reference><qualifier>PT</qualifier><number>2</number></reference></referenceForDataElement></dataElementsIndiv><dataElementsIndiv><elementManagementData><reference><qualifier>OT</qualifier><number>6</number></reference><segmentName>RM</segmentName><lineNumber>11</lineNumber></elementManagementData><miscellaneousRemarks><remarks><type>RM</type><freetext>PRICING ENTRY FXP/R,UP,JNB.JNB/A-W4ZOW</freetext></remarks></miscellaneousRemarks><extendedRemark><structuredRemark><type>RM</type><freetext>PRICING ENTRY FXP/R,UP,JNB.JNB/A-W4ZOW</freetext></structuredRemark></extendedRemark><eltPosDetails><pointOfSaleInformationType><pointOfSale><partyCodeQualifier>UPD</partyCodeQualifier></pointOfSale></pointOfSaleInformationType><sbrUserIdentification><originIdentification><inHouseIdentification1>JNB4Z08AA</inHouseIdentification1></originIdentification></sbrUserIdentification><agentId><internalIdDetails><inhouseId>SU 0001AA</inhouseId><type>SGN</type></internalIdDetails></agentId><pointOfSaleDate><timeMode>LT</timeMode><dateTime><year>2022</year><month>07</month><day>26</day><hour>20</hour><minutes>02</minutes></dateTime></pointOfSaleDate></eltPosDetails><referenceForDataElement><reference><qualifier>ST</qualifier><number>1</number></reference><reference><qualifier>ST</qualifier><number>2</number></reference><reference><qualifier>PT</qualifier><number>2</number></reference></referenceForDataElement></dataElementsIndiv><dataElementsIndiv><elementManagementData><reference><qualifier>OT</qualifier><number>7</number></reference><segmentName>RM</segmentName><lineNumber>12</lineNumber></elementManagementData><miscellaneousRemarks><remarks><type>RM</type><freetext><IP_ADDRESS>196.25.187.10</IP_ADDRESS></freetext></remarks></miscellaneousRemarks><extendedRemark><structuredRemark><type>RM</type><freetext>196.25.187.10</freetext></structuredRemark></extendedRemark><eltPosDetails><pointOfSaleInformationType><pointOfSale><partyCodeQualifier>UPD</partyCodeQualifier></pointOfSale></pointOfSaleInformationType><sbrUserIdentification><originIdentification><inHouseIdentification1>JNB4Z08AA</inHouseIdentification1></originIdentification></sbrUserIdentification><agentId><internalIdDetails><inhouseId>SU 0001AA</inhouseId><type>SGN</type></internalIdDetails></agentId><pointOfSaleDate><timeMode>LT</timeMode><dateTime><year>2022</year><month>07</month><day>26</day><hour>20</hour><minutes>02</minutes></dateTime></pointOfSaleDate></eltPosDetails></dataElementsIndiv><dataElementsIndiv><elementManagementData><reference><qualifier>OT</qualifier><number>19</number></reference><segmentName>RM</segmentName><lineNumber>13</lineNumber></elementManagementData><miscellaneousRemarks><remarks><type>RM</type><freetext>SOSLITTLE PIGLET</freetext></remarks></miscellaneousRemarks><extendedRemark><structuredRemark><type>RM</type><freetext>SOSLITTLE PIGLET</freetext></structuredRemark></extendedRemark><eltPosDetails><pointOfSaleInformationType><pointOfSale><partyCodeQualifier>UPD</partyCodeQualifier></pointOfSale></pointOfSaleInformationType><sbrUserIdentification><originIdentification><inHouseIdentification1>JNB4Z08AA</inHouseIdentification1></originIdentification></sbrUserIdentification><agentId><internalIdDetails><inhouseId>SU 0001AA</inhouseId><type>SGN</type></internalIdDetails></agentId><pointOfSaleDate><timeMode>LT</timeMode><dateTime><year>2022</year><month>07</month><day>26</day><hour>20</hour><minutes>03</minutes></dateTime></pointOfSaleDate></eltPosDetails></dataElementsIndiv><dataElementsIndiv><elementManagementData><reference><qualifier>OT</qualifier><number>20</number></reference><segmentName>RM</segmentName><lineNumber>14</lineNumber></elementManagementData><miscellaneousRemarks><remarks><type>RM</type><freetext>MODETICKET</freetext></remarks></miscellaneousRemarks><extendedRemark><structuredRemark><type>RM</type><freetext>MODETICKET</freetext></structuredRemark></extendedRemark><eltPosDetails><pointOfSaleInformationType><pointOfSale><partyCodeQualifier>UPD</partyCodeQualifier></pointOfSale></pointOfSaleInformationType><sbrUserIdentification><originIdentification><inHouseIdentification1>JNB4Z08AA</inHouseIdentification1></originIdentification></sbrUserIdentification><agentId><internalIdDetails><inhouseId>SU 0001AA</inhouseId><type>SGN</type></internalIdDetails></agentId><pointOfSaleDate><timeMode>LT</timeMode><dateTime><year>2022</year><month>07</month><day>26</day><hour>20</hour><minutes>03</minutes></dateTime></pointOfSaleDate></eltPosDetails></dataElementsIndiv><dataElementsIndiv><elementManagementData><reference><qualifier>OT</qualifier><number>27</number></reference><segmentName>RM</segmentName><lineNumber>15</lineNumber></elementManagementData><miscellaneousRemarks><remarks><type>RM</type><freetext>FARE2803.92 ZAR</freetext></remarks></miscellaneousRemarks><extendedRemark><structuredRemark><type>RM</type><freetext>FARE2803.92 ZAR</freetext></structuredRemark></extendedRemark><eltPosDetails><pointOfSaleInformationType><pointOfSale><partyCodeQualifier>UPD</partyCodeQualifier></pointOfSale></pointOfSaleInformationType><sbrUserIdentification><originIdentification><inHouseIdentification1>JNB4Z08AA</inHouseIdentification1></originIdentification></sbrUserIdentification><agentId><internalIdDetails><inhouseId>SU 0001AA</inhouseId><type>SGN</type></internalIdDetails></agentId><pointOfSaleDate><timeMode>LT</timeMode><dateTime><year>2022</year><month>07</month><day>26</day><hour>20</hour><minutes>03</minutes></dateTime></pointOfSaleDate></eltPosDetails><referenceForDataElement><reference><qualifier>PT</qualifier><number>2</number></reference></referenceForDataElement></dataElementsIndiv><dataElementsIndiv><elementManagementData><reference><qualifier>OT</qualifier><number>28</number></reference><segmentName>RM</segmentName><lineNumber>16</lineNumber></elementManagementData><miscellaneousRemarks><remarks><type>RM</type><freetext>TID8ASRRCGVAA</freetext></remarks></miscellaneousRemarks><extendedRemark><structuredRemark><type>RM</type><freetext>TID8ASRRCGVAA</freetext></structuredRemark></extendedRemark><eltPosDetails><pointOfSaleInformationType><pointOfSale><partyCodeQualifier>UPD</partyCodeQualifier></pointOfSale></pointOfSaleInformationType><sbrUserIdentification><originIdentification><inHouseIdentification1>JNB4Z08AA</inHouseIdentification1></originIdentification></sbrUserIdentification><agentId><internalIdDetails><inhouseId>SU 0001AA</inhouseId><type>SGN</type></internalIdDetails></agentId><pointOfSaleDate><timeMode>LT</timeMode><dateTime><year>2022</year><month>07</month><day>26</day><hour>20</hour><minutes>03</minutes></dateTime></pointOfSaleDate></eltPosDetails></dataElementsIndiv><dataElementsIndiv><elementManagementData><reference><qualifier>OT</qualifier><number>32</number></reference><segmentName>FA</segmentName><lineNumber>17</lineNumber></elementManagementData><otherDataFreetext><freetextDetail><subjectQualifier>3</subjectQualifier><type>P06</type></freetextDetail><longFreetext>PAX 749-2400944753/ET4Z/ZAR2803.92/26JUL22/JNB4Z08AA/77491024</longFreetext></otherDataFreetext><referenceForDataElement><reference><qualifier>ST</qualifier><number>1</number></reference><reference><qualifier>ST</qualifier><number>2</number></reference><reference><qualifier>PT</qualifier><number>2</number></reference></referenceForDataElement></dataElementsIndiv><dataElementsIndiv><elementManagementData><reference><qualifier>OT</qualifier><number>30</number></reference><segmentName>FB</segmentName><lineNumber>18</lineNumber></elementManagementData><otherDataFreetext><freetextDetail><subjectQualifier>3</subjectQualifier><type>P07</type></freetextDetail><longFreetext>PAX 0000000000 TTP/ET/ITR-EMLA/RT OK ETICKET</longFreetext></otherDataFreetext><referenceForDataElement><reference><qualifier>ST</qualifier><number>1</number></reference><reference><qualifier>ST</qualifier><number>2</number></reference><reference><qualifier>PT</qualifier><number>2</number></reference></referenceForDataElement></dataElementsIndiv><dataElementsIndiv><elementManagementData><reference><qualifier>OT</qualifier><number>4</number></reference><segmentName>FE</segmentName><lineNumber>19</lineNumber></elementManagementData><otherDataFreetext><freetextDetail><subjectQualifier>3</subjectQualifier><type>10</type></freetextDetail><longFreetext>PAX NONEND NONREF/CHG PENALTY APPLY</longFreetext></otherDataFreetext><referenceForDataElement><reference><qualifier>ST</qualifier><number>1</number></reference><reference><qualifier>ST</qualifier><number>2</number></reference><reference><qualifier>PT</qualifier><number>2</number></reference></referenceForDataElement></dataElementsIndiv><dataElementsIndiv><elementManagementData><reference><qualifier>OT</qualifier><number>26</number></reference><segmentName>FP</segmentName><lineNumber>20</lineNumber></elementManagementData><otherDataFreetext><freetextDetail><subjectQualifier>3</subjectQualifier><type>16</type></freetextDetail><longFreetext>PAX CCCAXXXXXXXXXXXX2143/0225*CV/A672227</longFreetext></otherDataFreetext><referenceForDataElement><reference><qualifier>ST</qualifier><number>1</number></reference><reference><qualifier>ST</qualifier><number>2</number></reference><reference><qualifier>PT</qualifier><number>2</number></reference></referenceForDataElement></dataElementsIndiv><dataElementsIndiv><elementManagementData><reference><qualifier>OT</qualifier><number>5</number></reference><segmentName>FV</segmentName><lineNumber>21</lineNumber></elementManagementData><otherDataFreetext><freetextDetail><subjectQualifier>3</subjectQualifier><type>P18</type></freetextDetail><longFreetext>PAX 4Z</longFreetext></otherDataFreetext><referenceForDataElement><reference><qualifier>ST</qualifier><number>1</number></reference><reference><qualifier>ST</qualifier><number>2</number></reference><reference><qualifier>PT</qualifier><number>2</number></reference></referenceForDataElement></dataElementsIndiv><dataElementsIndiv><elementManagementData><reference><qualifier>OT</qualifier><number>22</number></reference><segmentName>AB</segmentName><lineNumber>22</lineNumber></elementManagementData><otherDataFreetext><freetextDetail><subjectQualifier>3</subjectQualifier><type>2</type></freetextDetail><longFreetext>TANG/BIG BLUE OCEAN//OCEAN//0000/ZA</longFreetext></otherDataFreetext></dataElementsIndiv></dataElementsMaster><tstData><tstGeneralInformation><generalInformation><tstReferenceNumber>1</tstReferenceNumber><tstCreationDate>260722</tstCreationDate></generalInformation></tstGeneralInformation><tstFreetext><freetextDetail><subjectQualifier>3</subjectQualifier><type>41</type></freetextDetail><longFreetext>PAX</longFreetext></tstFreetext><tstFreetext><freetextDetail><subjectQualifier>3</subjectQualifier><type>37</type></freetextDetail><longFreetext>BFN 4Z JNB170.00 4Z BFN170.00ZAR340.00END</longFreetext></tstFreetext><fareBasisInfo><fareElement><primaryCode>W4Z</primaryCode><notValidBefore>160822</notValidBefore><notValidAfter>160822</notValidAfter><baggageAllowance>20K</baggageAllowance><fareBasis>OW</fareBasis></fareElement><fareElement><primaryCode>W4Z</primaryCode><connection>O</connection><notValidBefore>250822</notValidBefore><notValidAfter>250822</notValidAfter><baggageAllowance>20K</baggageAllowance><fareBasis>OW</fareBasis></fareElement></fareBasisInfo><fareData><issueIdentifier>F</issueIdentifier><monetaryInfo><qualifier>F</qualifier><amount>340.00</amount><currencyCode>ZAR</currencyCode></monetaryInfo><monetaryInfo><qualifier>T</qualifier><amount>2803.92</amount><currencyCode>ZAR</currencyCode></monetaryInfo><taxFields><taxIndicator>X</taxIndicator><taxCurrency>ZAR</taxCurrency><taxAmount>2124.00</taxAmount><taxCountryCode>YQ</taxCountryCode><taxNatureCode>AC</taxNatureCode></taxFields><taxFields><taxIndicator>X</taxIndicator><taxCurrency>ZAR</taxCurrency><taxAmount>55.08</taxAmount><taxCountryCode>EV</taxCountryCode><taxNatureCode>AB</taxNatureCode></taxFields><taxFields><taxIndicator>X</taxIndicator><taxCurrency>ZAR</taxCurrency><taxAmount>48.00</taxAmount><taxCountryCode>UM</taxCountryCode><taxNatureCode>SE</taxNatureCode></taxFields><taxFields><taxIndicator>X</taxIndicator><taxCurrency>ZAR</taxCurrency><taxAmount>185.84</taxAmount><taxCountryCode>ZA</taxCountryCode><taxNatureCode>EB</taxNatureCode></taxFields><taxFields><taxIndicator>X</taxIndicator><taxCurrency>ZAR</taxCurrency><taxAmount>51.00</taxAmount><taxCountryCode>ZV</taxCountryCode><taxNatureCode>GO</taxNatureCode></taxFields></fareData><segmentAssociation><selection><option>N</option></selection><selection><option>I</option></selection></segmentAssociation><referenceForTstData><reference><qualifier>PT</qualifier><number>2</number></reference><reference><qualifier>ST</qualifier><number>1</number></reference><reference><qualifier>ST</qualifier><number>2</number></reference></referenceForTstData></tstData><pricingRecordGroup><pricingRecordData/><productPricingQuotationRecord><pricingRecordId><referenceType>TST</referenceType><uniqueReference>1</uniqueReference></pricingRecordId><passengerTattoos><passengerReference><type>PA</type><value>2</value></passengerReference></passengerTattoos><documentDetailsGroup><totalFare><monetaryDetails><typeQualifier>T</typeQualifier><amount>2803.92</amount><currency>ZAR</currency></monetaryDetails></totalFare><issueIdentifier><priceTariffType>F</priceTariffType></issueIdentifier><manualIndicator><statusDetails><indicator>M</indicator><action>N</action></statusDetails></manualIndicator><officeInformation><originIdentification><inHouseIdentification1>JNB4Z08AA</inHouseIdentification1><inHouseIdentification2>AA</inHouseIdentification2></originIdentification></officeInformation><creationDate><businessSemantic>CRD</businessSemantic><dateTime><year>2022</year><month>07</month><day>26</day></dateTime></creationDate><couponDetailsGroup><productId><referenceDetails><type>ST</type><value>1</value></referenceDetails></productId></couponDetailsGroup><couponDetailsGroup><productId><referenceDetails><type>ST</type><value>2</value></referenceDetails></productId></couponDetailsGroup><fareComponentDetailsGroup><fareComponentID><itemNumberDetails><number>1</number><type>FAR</type></itemNumberDetails></fareComponentID><marketFareComponent><boardPointDetails><trueLocationId>BFN</trueLocationId></boardPointDetails><offpointDetails><trueLocationId>JNB</trueLocationId></offpointDetails></marketFareComponent><monetaryInformation><monetaryDetails><typeQualifier>B</typeQualifier><amount>170.00</amount><currency>ZAR</currency></monetaryDetails></monetaryInformation><componentClassInfo><fareBasisDetails><rateTariffClass>W4ZOW</rateTariffClass></fareBasisDetails></componentClassInfo><fareQualifiersDetail><discountDetails><fareQualifier>BOR</fareQualifier></discountDetails></fareQualifiersDetail><couponDetailsGroup><productId><referenceDetails><type>ST</type><value>1</value></referenceDetails></productId></couponDetailsGroup></fareComponentDetailsGroup><fareComponentDetailsGroup><fareComponentID><itemNumberDetails><number>2</number><type>FAR</type></itemNumberDetails></fareComponentID><marketFareComponent><boardPointDetails><trueLocationId>JNB</trueLocationId></boardPointDetails><offpointDetails><trueLocationId>BFN</trueLocationId></offpointDetails></marketFareComponent><monetaryInformation><monetaryDetails><typeQualifier>B</typeQualifier><amount>170.00</amount><currency>ZAR</currency></monetaryDetails></monetaryInformation><componentClassInfo><fareBasisDetails><rateTariffClass>W4ZOW</rateTariffClass></fareBasisDetails></componentClassInfo><fareQualifiersDetail><discountDetails><fareQualifier>BOR</fareQualifier></discountDetails></fareQualifiersDetail><couponDetailsGroup><productId><referenceDetails><type>ST</type><value>2</value></referenceDetails></productId></couponDetailsGroup></fareComponentDetailsGroup></documentDetailsGroup></productPricingQuotationRecord></pricingRecordGroup></PNR_Reply></soapenv:Body></soapenv:Envelope>