{"selfServiceResponse": {
   "resultCode": "200",
   "resultMessage": "Success",
   "sessionId": "00QU0DSMCB",
   "sequenceNumber": "2",
   "securityToken": "RCG926TDFNVF7XEM263TNYOD",
   "pnrDetails":    {
      "pnrNumber": "LVCSWB",
      "creatingOfficeId": "JNB4Z08AA",
      "officeId": "JNB4Z08AA",
      "dayTimeTelephone": null,
      "dayTimeTelephoneReferenceNumber": null,
      "mobileTelephone": "+27 23235325",
      "mobileTelephoneReferenceNumber": "67",
      "emailAddress": "TEST@GMAIL.COM",
      "emailAddressReferenceNumber": "66",
      "totalBookingAmount": null,
      "fareDetails": null,
      "taxDetails": null,
      "itineraryDetails":       [
                  {
            "origin": "JNB",
            "destination": "CPT",
            "carrierCode": "4Z",
            "flightNumber": "893",
            "arrivalDate": "24-AUG-2022 08:30",
            "departureDate": "24-AUG-2022 06:20",
            "classOfTravel": "G",
            "classDescription": null,
            "aircraftType": "E90",
            "seatingInformation":             [
                              {
                  "ssrbCrossRef": "2",
                  "ssrValue": "17C",
                  "ssrDescription": ",",
                  "referenceQualifier": "PT",
                  "referenceNumber": "2",
                  "ssrReferenceQualifier": "OT",
                  "ssrReferenceNumber": "26"
               },
                              {
                  "ssrbCrossRef": "4",
                  "ssrValue": "17A",
                  "ssrDescription": ",",
                  "referenceQualifier": "PT",
                  "referenceNumber": "4",
                  "ssrReferenceQualifier": "OT",
                  "ssrReferenceNumber": "29"
               },
                              {
                  "ssrbCrossRef": "5",
                  "ssrValue": "17D",
                  "ssrDescription": ",",
                  "referenceQualifier": "PT",
                  "referenceNumber": "5",
                  "ssrReferenceQualifier": "OT",
                  "ssrReferenceNumber": "32"
               }
            ],
            "mealInformation": [            {
               "ssrbCrossRef": null,
               "ssrValue": "KSML",
               "ssrDescription": "KOSHER MEAL",
               "referenceQualifier": "PT",
               "referenceNumber": "2",
               "ssrReferenceQualifier": "54",
               "ssrReferenceNumber": "OT"
            }],
            "extraBaggage": [            {
               "ssrbCrossRef": null,
               "ssrValue": "EXWB",
               "ssrDescription": "TTL 1KG 0PC1 X EXTRA LUGGAGE",
               "referenceQualifier": "PT",
               "referenceNumber": "2",
               "ssrReferenceQualifier": "44",
               "ssrReferenceNumber": "OT"
            }],
            "referenceNumber": "1",
            "status": "B",
            "lineNumber": "4",
            "departureAirportCode": "JNB",
            "arrivalAirportCode": "CPT",
            "departureAirportDesc": null,
            "arrivalAirportDesc": null,
            "departingTerminal": "B",
            "arrivingTerminal": null,
            "originDescription": null,
            "destinationDescription": null,
            "operatedBy": null,
            "typicalCarData": null,
            "segmentName": "AIR",
            "eticketable": true
         },
                  {
            "origin": "CPT",
            "destination": "JNB",
            "carrierCode": "4Z",
            "flightNumber": "892",
            "arrivalDate": "20-SEP-2022 08:55",
            "departureDate": "20-SEP-2022 06:50",
            "classOfTravel": "G",
            "classDescription": null,
            "aircraftType": "E90",
            "seatingInformation":             [
                              {
                  "ssrbCrossRef": "2",
                  "ssrValue": "13A",
                  "ssrDescription": ",",
                  "referenceQualifier": "PT",
                  "referenceNumber": "2",
                  "ssrReferenceQualifier": "OT",
                  "ssrReferenceNumber": "35"
               },
                              {
                  "ssrbCrossRef": "4",
                  "ssrValue": "13D",
                  "ssrDescription": ",",
                  "referenceQualifier": "PT",
                  "referenceNumber": "4",
                  "ssrReferenceQualifier": "OT",
                  "ssrReferenceNumber": "38"
               },
                              {
                  "ssrbCrossRef": "5",
                  "ssrValue": "13C",
                  "ssrDescription": ",",
                  "referenceQualifier": "PT",
                  "referenceNumber": "5",
                  "ssrReferenceQualifier": "OT",
                  "ssrReferenceNumber": "41"
               }
            ],
            "mealInformation":             [
                              {
                  "ssrbCrossRef": null,
                  "ssrValue": "KSML",
                  "ssrDescription": "KOSHER MEAL",
                  "referenceQualifier": "PT",
                  "referenceNumber": "2",
                  "ssrReferenceQualifier": "55",
                  "ssrReferenceNumber": "OT"
               },
                              {
                  "ssrbCrossRef": null,
                  "ssrValue": "VGML",
                  "ssrDescription": "VEGETARIAN VEGAN MEAL",
                  "referenceQualifier": "PT",
                  "referenceNumber": "5",
                  "ssrReferenceQualifier": "56",
                  "ssrReferenceNumber": "OT"
               }
            ],
            "extraBaggage": [            {
               "ssrbCrossRef": null,
               "ssrValue": "EXWB",
               "ssrDescription": "TTL 1KG 0PC1 X EXTRA LUGGAGE",
               "referenceQualifier": "PT",
               "referenceNumber": "5",
               "ssrReferenceQualifier": "45",
               "ssrReferenceNumber": "OT"
            }],
            "referenceNumber": "2",
            "status": "HK",
            "lineNumber": "5",
            "departureAirportCode": "CPT",
            "arrivalAirportCode": "JNB",
            "departureAirportDesc": null,
            "arrivalAirportDesc": null,
            "departingTerminal": null,
            "arrivingTerminal": "B",
            "originDescription": null,
            "destinationDescription": null,
            "operatedBy": null,
            "typicalCarData": null,
            "segmentName": "AIR",
            "eticketable": true
         }
      ],
      "passengerDetails":       [
                  {
            "firstName": "ONE MRS",
            "surName": "TEST",
            "title": null,
            "paxType": "ADT",
            "eTicketNumber": "749-2401344438",
            "emdNumbers": ["749-4550227680"],
            "dateOfBirth": null,
            "frequentFlyerMembershipType": null,
            "frequentFlyerNumber": null,
            "frequentFlyerCategory": null,
            "frequentFlyerVersionNumber": null,
            "frequentFlyerApprovalCode": null,
            "frequentFlyerProgram": null,
            "referenceQualifier": "PT",
            "referenceNumber": "2",
            "lineNumber": "2"
         },
                  {
            "firstName": "TWO MRS",
            "surName": "TEST",
            "title": null,
            "paxType": "ADT",
            "eTicketNumber": "749-2401344439",
            "emdNumbers": null,
            "dateOfBirth": null,
            "frequentFlyerMembershipType": null,
            "frequentFlyerNumber": null,
            "frequentFlyerCategory": null,
            "frequentFlyerVersionNumber": null,
            "frequentFlyerApprovalCode": null,
            "frequentFlyerProgram": null,
            "referenceQualifier": "PT",
            "referenceNumber": "4",
            "lineNumber": "3"
         },
                  {
            "firstName": "CHLD MR",
            "surName": "TEST",
            "title": null,
            "paxType": "CHD",
            "eTicketNumber": "749-2401344437",
            "emdNumbers": ["749-4550227681"],
            "dateOfBirth": "25-Jun-2018",
            "frequentFlyerMembershipType": null,
            "frequentFlyerNumber": null,
            "frequentFlyerCategory": null,
            "frequentFlyerVersionNumber": null,
            "frequentFlyerApprovalCode": null,
            "frequentFlyerProgram": null,
            "referenceQualifier": "PT",
            "referenceNumber": "5",
            "lineNumber": "1"
         },
                  {
            "firstName": "INFANT",
            "surName": "TEST",
            "title": null,
            "paxType": "INF",
            "eTicketNumber": "749-2401344440",
            "emdNumbers": null,
            "dateOfBirth": "09-Sep-2021",
            "frequentFlyerMembershipType": null,
            "frequentFlyerNumber": null,
            "frequentFlyerCategory": null,
            "frequentFlyerVersionNumber": null,
            "frequentFlyerApprovalCode": null,
            "frequentFlyerProgram": null,
            "referenceQualifier": null,
            "referenceNumber": null,
            "lineNumber": null
         }
      ],
      "emdDetails": null,
      "fareInfoDetails": null,
      "bookingSource": null,
      "hasReturn": false,
      "pricingClass": null,
      "sknDetailsVO": null,
      "originCity": null,
      "isOPCExist": "N",
      "alternateContactDetailsVO": null,
      "emdAmount": "75.90",
      "emdCurrency": "ZAR",
      "totalAmountForAdults": null,
      "totalAmountForChildren": null,
      "totalAmountForInfants": null,
      "totalAmountWithTaxForAdults": null,
      "totalAmountWithTaxForChildren": null,
      "totalAmountWithTaxForInfants": null,
      "totalAmountWithoutTaxForAdults": null,
      "totalAmountWithoutTaxForChildren": null,
      "totalAmountWithoutTaxForInfants": null,
      "enableTicketNumber": "Y",
      "dcsDataDetails":       {
         "markerPax": null,
         "markerSegment": null,
         "segmentSection":          [
                        {
               "elementManagementStructData":                {
                  "elementReference":                   {
                     "qualifier": "OT",
                     "number": 110,
                     "segmentName": null
                  },
                  "segmentName": "PDS"
               },
               "referenceForStructDataElement": {"referenceVO":                [
                                    {
                     "qualifier": "PT",
                     "number": "2"
                  },
                                    {
                     "qualifier": "ST",
                     "number": "1"
                  }
               ]},
               "dcsSegmentInfo":                {
                  "booking": null,
                  "paxType": {"referenceDetails": {"type": "A"}}
               }
            },
            "segmentSection",
                        {
               "elementManagementStructData":                {
                  "elementReference":                   {
                     "qualifier": "OT",
                     "number": 116,
                     "segmentName": null
                  },
                  "segmentName": "PDS"
               },
               "referenceForStructDataElement": {"referenceVO":                [
                                    {
                     "qualifier": "PT",
                     "number": "2"
                  },
                                    {
                     "qualifier": "ST",
                     "number": "1"
                  }
               ]},
               "dcsSegmentInfo":                {
                  "booking": null,
                  "paxType": {"referenceDetails": {"type": "INF"}}
               }
            },
            "segmentSection",
                        {
               "elementManagementStructData":                {
                  "elementReference":                   {
                     "qualifier": "OT",
                     "number": 113,
                     "segmentName": null
                  },
                  "segmentName": "PDS"
               },
               "referenceForStructDataElement": {"referenceVO":                [
                                    {
                     "qualifier": "PT",
                     "number": "4"
                  },
                                    {
                     "qualifier": "ST",
                     "number": "1"
                  }
               ]},
               "dcsSegmentInfo":                {
                  "booking": null,
                  "paxType": {"referenceDetails": {"type": "A"}}
               }
            },
            "segmentSection",
                        {
               "elementManagementStructData":                {
                  "elementReference":                   {
                     "qualifier": "OT",
                     "number": 107,
                     "segmentName": null
                  },
                  "segmentName": "PDS"
               },
               "referenceForStructDataElement": {"referenceVO":                [
                                    {
                     "qualifier": "PT",
                     "number": "5"
                  },
                                    {
                     "qualifier": "ST",
                     "number": "1"
                  }
               ]},
               "dcsSegmentInfo":                {
                  "booking": null,
                  "paxType": {"referenceDetails": {"type": "A"}}
               }
            },
            "segmentSection"
         ],
         "legSection":          [
            [            {
               "elementManagementStructData":                {
                  "elementReference":                   {
                     "qualifier": "OT",
                     "number": 111,
                     "segmentName": null
                  },
                  "segmentName": "PDL"
               },
               "referenceForStructDataElement": {"referenceVO":                [
                                    {
                     "qualifier": "PT",
                     "number": "2"
                  },
                                    {
                     "qualifier": "ST",
                     "number": "1"
                  }
               ]},
               "dcsLegInfo":                {
                  "legPosition": {"itemNumber": 1},
                  "leg":                   {
                     "origin": "JNB",
                     "destination": "CPT"
                  },
                  "seatDelivery": {"seatDetails":                   {
                     "seatNumber": "017C",
                     "seatCharacteristicLst":                      [
                        "N",
                        "A",
                        "ES",
                        "I"
                     ]
                  }},
                  "paxType": {"referenceDetails": {"type": "A"}},
                  "paxStatus": {"statusDetails":                   [
                                          {
                        "indicator": "CNA",
                        "type": "CAS"
                     },
                                          {
                        "indicator": "NBD",
                        "type": "BDS"
                     },
                                          {
                        "indicator": "NRG",
                        "type": "RGS"
                     },
                                          {
                        "indicator": "REC",
                        "type": "CRS"
                     },
                                          {
                        "indicator": "NBG",
                        "type": "CBS"
                     },
                                          {
                        "indicator": "NFL",
                        "type": "TPS"
                     },
                                          {
                        "indicator": "NCW",
                        "type": "WLS"
                     }
                  ]},
                  "regradeCabin": {"cabinCode": "Y"},
                  "acceptanceChannel":                   {
                     "acceptanceOrigin": null,
                     "applicationType": null
                  }
               }
            }],
            "LegSection",
            [            {
               "elementManagementStructData":                {
                  "elementReference":                   {
                     "qualifier": "OT",
                     "number": 117,
                     "segmentName": null
                  },
                  "segmentName": "PDL"
               },
               "referenceForStructDataElement": {"referenceVO":                [
                                    {
                     "qualifier": "PT",
                     "number": "2"
                  },
                                    {
                     "qualifier": "ST",
                     "number": "1"
                  }
               ]},
               "dcsLegInfo":                {
                  "legPosition": {"itemNumber": 1},
                  "leg":                   {
                     "origin": "JNB",
                     "destination": "CPT"
                  },
                  "seatDelivery": {"seatDetails":                   {
                     "seatNumber": null,
                     "seatCharacteristicLst": []
                  }},
                  "paxType": {"referenceDetails": {"type": "INF"}},
                  "paxStatus": {"statusDetails":                   [
                                          {
                        "indicator": "CNA",
                        "type": "CAS"
                     },
                                          {
                        "indicator": "NBD",
                        "type": "BDS"
                     },
                                          {
                        "indicator": "NRG",
                        "type": "RGS"
                     },
                                          {
                        "indicator": "REC",
                        "type": "CRS"
                     },
                                          {
                        "indicator": "NBG",
                        "type": "CBS"
                     },
                                          {
                        "indicator": "NFL",
                        "type": "TPS"
                     },
                                          {
                        "indicator": "NCW",
                        "type": "WLS"
                     }
                  ]},
                  "regradeCabin": {"cabinCode": "Y"},
                  "acceptanceChannel":                   {
                     "acceptanceOrigin": null,
                     "applicationType": null
                  }
               }
            }],
            "LegSection",
            [            {
               "elementManagementStructData":                {
                  "elementReference":                   {
                     "qualifier": "OT",
                     "number": 114,
                     "segmentName": null
                  },
                  "segmentName": "PDL"
               },
               "referenceForStructDataElement": {"referenceVO":                [
                                    {
                     "qualifier": "PT",
                     "number": "4"
                  },
                                    {
                     "qualifier": "ST",
                     "number": "1"
                  }
               ]},
               "dcsLegInfo":                {
                  "legPosition": {"itemNumber": 1},
                  "leg":                   {
                     "origin": "JNB",
                     "destination": "CPT"
                  },
                  "seatDelivery": {"seatDetails":                   {
                     "seatNumber": "017A",
                     "seatCharacteristicLst":                      [
                        "N",
                        "W",
                        "ES",
                        "I"
                     ]
                  }},
                  "paxType": {"referenceDetails": {"type": "A"}},
                  "paxStatus": {"statusDetails":                   [
                                          {
                        "indicator": "CNA",
                        "type": "CAS"
                     },
                                          {
                        "indicator": "NBD",
                        "type": "BDS"
                     },
                                          {
                        "indicator": "NRG",
                        "type": "RGS"
                     },
                                          {
                        "indicator": "REC",
                        "type": "CRS"
                     },
                                          {
                        "indicator": "NBG",
                        "type": "CBS"
                     },
                                          {
                        "indicator": "NFL",
                        "type": "TPS"
                     },
                                          {
                        "indicator": "NCW",
                        "type": "WLS"
                     }
                  ]},
                  "regradeCabin": {"cabinCode": "Y"},
                  "acceptanceChannel":                   {
                     "acceptanceOrigin": null,
                     "applicationType": null
                  }
               }
            }],
            "LegSection",
            [            {
               "elementManagementStructData":                {
                  "elementReference":                   {
                     "qualifier": "OT",
                     "number": 108,
                     "segmentName": null
                  },
                  "segmentName": "PDL"
               },
               "referenceForStructDataElement": {"referenceVO":                [
                                    {
                     "qualifier": "PT",
                     "number": "5"
                  },
                                    {
                     "qualifier": "ST",
                     "number": "1"
                  }
               ]},
               "dcsLegInfo":                {
                  "legPosition": {"itemNumber": 1},
                  "leg":                   {
                     "origin": "JNB",
                     "destination": "CPT"
                  },
                  "seatDelivery": {"seatDetails":                   {
                     "seatNumber": "017D",
                     "seatCharacteristicLst":                      [
                        "N",
                        "A",
                        "ES",
                        "I"
                     ]
                  }},
                  "paxType": {"referenceDetails": {"type": "A"}},
                  "paxStatus": {"statusDetails":                   [
                                          {
                        "indicator": "CNA",
                        "type": "CAS"
                     },
                                          {
                        "indicator": "NBD",
                        "type": "BDS"
                     },
                                          {
                        "indicator": "NRG",
                        "type": "RGS"
                     },
                                          {
                        "indicator": "REC",
                        "type": "CRS"
                     },
                                          {
                        "indicator": "NBG",
                        "type": "CBS"
                     },
                                          {
                        "indicator": "NFL",
                        "type": "TPS"
                     },
                                          {
                        "indicator": "NCW",
                        "type": "WLS"
                     }
                  ]},
                  "regradeCabin": {"cabinCode": "Y"},
                  "acceptanceChannel":                   {
                     "acceptanceOrigin": null,
                     "applicationType": null
                  }
               }
            }],
            "LegSection"
         ]
      },
      "referenceDetails": [],
      "statusDetails": [],
      "itineraryReferenceDetails": [],
      "vehicleInformationDetails": [],
      "cancelOrConfirmNbrDetails": {"reservationVO": null},
      "customerInfoDetails": {"customerReferencesVO": null},
      "companyIdentificationDetails": [],
      "rateInfoDetails":       {
         "tariffInfo": null,
         "rateInformation": null,
         "chargeDetails": null
      },
      "paymentDetails": {"formOfPayment": null},
      "bookingSourceDetails": {"originatorDetails": null},
      "marketingInfoDetails": [],
      "supleInfoDetails": [],
      "attributeDetails":       {
         "criteriaSetType": null,
         "criteriaDetailsVO": null
      },
      "locationInfoVOLst": [],
      "pickupDropoffTimesVO": [],
      "typicalCarData": null,
      "legSectionLst": [],
      "rateCodeGroupDetails":       {
         "rateCodeInfoVO": null,
         "additionalInfoVO": null
      },
      "ticketed": true,
      "paid": true,
      "international": false,
      "flown": true,
      "groupBooking": false,
      "premiumBooking": false
   }
}}