{"selfServiceResponse": {
   "resultCode": "200",
   "resultMessage": "Success",
   "sessionId": "00EEM4HO3J",
   "sequenceNumber": "2",
   "securityToken": "Q2WZ942CFW4D1K403KRCWA36O",
   "pnrDetails":    {
      "pnrNumber": "LE7O8J",
      "creatingOfficeId": "JNB4Z08AA",
      "officeId": "JNB4Z08AA",
      "dayTimeTelephone": null,
      "dayTimeTelephoneReferenceNumber": null,
      "mobileTelephone": "+27 23235325",
      "mobileTelephoneReferenceNumber": "16",
      "emailAddress": "TEST@GMAIL.COM",
      "emailAddressReferenceNumber": "15",
      "totalBookingAmount": null,
      "fareDetails": null,
      "taxDetails": null,
      "itineraryDetails":       [
                  {
            "origin": "JNB",
            "destination": "CPT",
            "carrierCode": "4Z",
            "flightNumber": "893",
            "arrivalDate": "22-SEP-2022 08:30",
            "departureDate": "22-SEP-2022 06:20",
            "classOfTravel": "Q",
            "classDescription": null,
            "aircraftType": "E90",
            "seatingInformation": [],
            "mealInformation": [],
            "extraBaggage": [],
            "referenceNumber": "1",
            "status": "HK",
            "lineNumber": "2",
            "departureAirportCode": "JNB",
            "arrivalAirportCode": "CPT",
            "departureAirportDesc": null,
            "arrivalAirportDesc": null,
            "departingTerminal": "B",
            "arrivingTerminal": null,
            "originDescription": null,
            "destinationDescription": null,
            "operatedBy": null,
            "typicalCarData": null,
            "segmentName": "AIR",
            "eticketable": true
         },
                  {
            "origin": "CPT",
            "destination": null,
            "carrierCode": "ZD",
            "flightNumber": "CDMR",
            "arrivalDate": "19-OCT-2022 00:00",
            "departureDate": "22-SEP-2022 00:00",
            "classOfTravel": null,
            "classDescription": null,
            "aircraftType": null,
            "seatingInformation": [],
            "mealInformation": [],
            "extraBaggage": [],
            "referenceNumber": "3",
            "status": "HK",
            "lineNumber": "3",
            "departureAirportCode": "CPT",
            "arrivalAirportCode": null,
            "departureAirportDesc": null,
            "arrivalAirportDesc": null,
            "departingTerminal": null,
            "arrivingTerminal": null,
            "originDescription": null,
            "destinationDescription": null,
            "operatedBy": null,
            "typicalCarData":             {
               "vehicleInformationDetails": [               {
                  "vehicleCharacteristicVO":                   {
                     "vehicleTypeOwner": "ACR",
                     "vehicleRentalPrefType":                      [
                        "CDMR",
                        "B"
                     ]
                  },
                  "freeTextDetails":                   {
                     "textSubjectQualifier": "3",
                     "informationType": "SI",
                     "companyId": "1A",
                     "language": "EN",
                     "source": "S",
                     "encoding": "2",
                     "subjectQualifier": null,
                     "type": null
                  },
                  "carModel": "REFER TO POLICY PAGE CPOZDXXX/VEH"
               }],
               "companyIdentificationDetails":                {
                  "travelSector": "CAR",
                  "companyCodeContext": "1A",
                  "companyCode": "ZD",
                  "companyName": "BUDGET",
                  "accessLevel": "CP"
               },
               "locationInfoDetails":                [
                                    {
                     "locationType": "176",
                     "locationDescriptionVO":                      {
                        "code": "1A",
                        "name": "CPTT01"
                     },
                     "firstLocationDetailsVO":                      {
                        "code": "CPT",
                        "qualifier": "145",
                        "agency": "IA"
                     }
                  },
                                    {
                     "locationType": "176",
                     "locationDescriptionVO":                      {
                        "code": "CPY",
                        "name": "CPTT01*BD CAPE TOWN INT APT"
                     },
                     "firstLocationDetailsVO": null
                  },
                                    {
                     "locationType": "DOL",
                     "locationDescriptionVO":                      {
                        "code": "1A",
                        "name": "CPTT01"
                     },
                     "firstLocationDetailsVO":                      {
                        "code": "CPT",
                        "qualifier": "145",
                        "agency": "IA"
                     }
                  },
                                    {
                     "locationType": "DOL",
                     "locationDescriptionVO":                      {
                        "code": "CPY",
                        "name": "CPTT01*BD CAPE TOWN INT APT"
                     },
                     "firstLocationDetailsVO": null
                  }
               ],
               "pickupDropoffTimesDetails":                {
                  "beginDateTimeVO":                   {
                     "year": "2022",
                     "month": 9,
                     "day": 22,
                     "hour": 8,
                     "minutes": 30
                  },
                  "endDateTimeVO":                   {
                     "year": "2022",
                     "month": 10,
                     "day": 19,
                     "hour": 9,
                     "minutes": 0
                  }
               },
               "cancelOrConfirmNbrDetails": {"reservationVO":                {
                  "companyId": "1A",
                  "controlNumber": "10623751ZA5",
                  "controlType": "3"
               }},
               "rateCodeGroupDetails":                {
                  "rateCodeInfoVO": {"fareCategoriesVO": {"fareType": "9BI"}},
                  "additionalInfoVO":                   {
                     "freeTextDetails":                      {
                        "textSubjectQualifier": "3",
                        "informationType": "SI",
                        "companyId": "1A",
                        "language": "EN",
                        "source": "S",
                        "encoding": "2",
                        "subjectQualifier": null,
                        "type": null
                     },
                     "freeText": ["BANK AFFILIATES"]
                  }
               },
               "customerInfoDetails": [{"customerReferencesVO":                {
                  "referenceQualifier": "CD",
                  "referenceNumber": "C261901"
               }}],
               "rateInfoDetails":                [
                                    {
                     "tariffInfo":                      {
                        "ratePlanIndicator": "WY",
                        "amountType": "GNL",
                        "amount": null,
                        "currency": null
                     },
                     "rateInformation": {"category": "7"},
                     "chargeDetails":                      {
                        "type": "ES",
                        "comment": null,
                        "numberInParty": null
                     }
                  },
                                    {
                     "tariffInfo":                      {
                        "ratePlanIndicator": "WY",
                        "amountType": "GNL",
                        "amount": null,
                        "currency": null
                     },
                     "rateInformation": {"category": "7"},
                     "chargeDetails":                      {
                        "type": "ES",
                        "comment": null,
                        "numberInParty": null
                     }
                  },
                                    {
                     "tariffInfo":                      {
                        "ratePlanIndicator": "WY",
                        "amountType": "GNL",
                        "amount": null,
                        "currency": null
                     },
                     "rateInformation": {"category": "7"},
                     "chargeDetails":                      {
                        "type": "ES",
                        "comment": null,
                        "numberInParty": null
                     }
                  },
                                    {
                     "tariffInfo":                      {
                        "ratePlanIndicator": "WY",
                        "amountType": "GNL",
                        "amount": null,
                        "currency": null
                     },
                     "rateInformation": {"category": "7"},
                     "chargeDetails":                      {
                        "type": "ES",
                        "comment": null,
                        "numberInParty": null
                     }
                  },
                                    {
                     "tariffInfo":                      {
                        "ratePlanIndicator": "WY",
                        "amountType": "RG",
                        "amount": 4860,
                        "currency": null
                     },
                     "rateInformation": {"category": "7"},
                     "chargeDetails": null
                  },
                                    {
                     "tariffInfo":                      {
                        "ratePlanIndicator": "WY",
                        "amountType": "RG",
                        "amount": 4860,
                        "currency": null
                     },
                     "rateInformation": {"category": "7"},
                     "chargeDetails": null
                  },
                                    {
                     "tariffInfo":                      {
                        "ratePlanIndicator": null,
                        "amountType": "RB",
                        "amount": 19440.01,
                        "currency": "ZAR"
                     },
                     "rateInformation": {"category": null},
                     "chargeDetails":                      {
                        "type": "RBP",
                        "comment": null,
                        "numberInParty": 28
                     }
                  },
                                    {
                     "tariffInfo":                      {
                        "ratePlanIndicator": null,
                        "amountType": "RB",
                        "amount": 19440.01,
                        "currency": "ZAR"
                     },
                     "rateInformation": {"category": null},
                     "chargeDetails":                      {
                        "type": "RBP",
                        "comment": null,
                        "numberInParty": 28
                     }
                  },
                                    {
                     "tariffInfo":                      {
                        "ratePlanIndicator": null,
                        "amountType": "RB",
                        "amount": 19440.01,
                        "currency": "ZAR"
                     },
                     "rateInformation": {"category": null},
                     "chargeDetails":                      {
                        "type": "RBP",
                        "comment": null,
                        "numberInParty": 28
                     }
                  },
                                    {
                     "tariffInfo":                      {
                        "ratePlanIndicator": null,
                        "amountType": "904",
                        "amount": 19513.7,
                        "currency": "ZAR"
                     },
                     "rateInformation": {"category": null},
                     "chargeDetails":                      {
                        "type": "90D",
                        "comment": null,
                        "numberInParty": 28
                     }
                  },
                                    {
                     "tariffInfo":                      {
                        "ratePlanIndicator": null,
                        "amountType": "904",
                        "amount": 19513.7,
                        "currency": "ZAR"
                     },
                     "rateInformation": {"category": null},
                     "chargeDetails":                      {
                        "type": "90D",
                        "comment": null,
                        "numberInParty": 28
                     }
                  },
                                    {
                     "tariffInfo":                      {
                        "ratePlanIndicator": null,
                        "amountType": "904",
                        "amount": 19513.7,
                        "currency": "ZAR"
                     },
                     "rateInformation": {"category": null},
                     "chargeDetails":                      {
                        "type": "90D",
                        "comment": null,
                        "numberInParty": 28
                     }
                  }
               ],
               "paymentDetails": {"formOfPayment":                {
                  "type": "CC",
                  "vendorCode": "CA",
                  "creditCardNumber": "541283XXXXXX8745",
                  "expiryDate": "1123",
                  "extendedPayment": "GUA",
                  "fopFreeText": "CCCAXXXXXXXXXXXX8745EXP1123"
               }},
               "bookingSourceDetails": {"originatorDetails": {"originatorId": "77491024"}},
               "marketingInfoDetails":                [
                                    {
                     "freetextDetail":                      {
                        "textSubjectQualifier": "3",
                        "informationType": null,
                        "companyId": "1A",
                        "language": "EN",
                        "source": null,
                        "encoding": null,
                        "subjectQualifier": null,
                        "type": "MK"
                     },
                     "text":                      [
                        "    BANK AFFILIATES RATE INCLUDES LDW,TP,TAX,APT SUR",
                        "    EXTRA CHARGES MAY APPLY",
                        "$    **** BUDGET ****"
                     ]
                  },
                                    {
                     "freetextDetail":                      {
                        "textSubjectQualifier": "3",
                        "informationType": null,
                        "companyId": "1A",
                        "language": null,
                        "source": null,
                        "encoding": null,
                        "subjectQualifier": null,
                        "type": "OS"
                     },
                     "text":                      [
                        "    BANK AFFILIATES RATE INCLUDES LDW,TP,TAX,APT SUR",
                        "    EXTRA CHARGES MAY APPLY",
                        "$    **** BUDGET ****"
                     ]
                  }
               ],
               "supleInfoDetails":                [
                  {"remarkDetails":                   {
                     "type": "ARR",
                     "freetext": "4Z893-Q 22SEP 0830",
                     "language": "EN",
                     "encoding": "2"
                  }},
                  {"remarkDetails":                   {
                     "type": "CNM",
                     "freetext": "TEST ONE MRS",
                     "language": "EN",
                     "encoding": "2"
                  }}
               ],
               "attributeDetails":                {
                  "criteriaSetType": "BAT",
                  "criteriaDetailsVO": {"attributeType": "COR"}
               },
               "referenceDetails": []
            },
            "segmentName": "CCR",
            "eticketable": false
         },
                  {
            "origin": "CPT",
            "destination": "JNB",
            "carrierCode": "4Z",
            "flightNumber": "902",
            "arrivalDate": "28-OCT-2022 11:25",
            "departureDate": "28-OCT-2022 09:20",
            "classOfTravel": "Q",
            "classDescription": null,
            "aircraftType": "E90",
            "seatingInformation": [],
            "mealInformation": [],
            "extraBaggage": [],
            "referenceNumber": "2",
            "status": "HK",
            "lineNumber": "4",
            "departureAirportCode": "CPT",
            "arrivalAirportCode": "JNB",
            "departureAirportDesc": null,
            "arrivalAirportDesc": null,
            "departingTerminal": null,
            "arrivingTerminal": "B",
            "originDescription": null,
            "destinationDescription": null,
            "operatedBy": null,
            "typicalCarData": null,
            "segmentName": "AIR",
            "eticketable": true
         }
      ],
      "passengerDetails": [      {
         "firstName": "ONE MRS",
         "surName": "TEST",
         "title": null,
         "paxType": "ADT",
         "eTicketNumber": "749-2401344431",
         "emdNumbers": null,
         "dateOfBirth": null,
         "frequentFlyerMembershipType": null,
         "frequentFlyerNumber": null,
         "frequentFlyerCategory": null,
         "frequentFlyerVersionNumber": null,
         "frequentFlyerApprovalCode": null,
         "frequentFlyerProgram": null,
         "referenceQualifier": "PT",
         "referenceNumber": "2",
         "lineNumber": "1"
      }],
      "emdDetails": null,
      "fareInfoDetails": null,
      "bookingSource": null,
      "hasReturn": false,
      "pricingClass": null,
      "sknDetailsVO": null,
      "originCity": null,
      "isOPCExist": "N",
      "alternateContactDetailsVO": null,
      "emdAmount": "0.0",
      "emdCurrency": "ZAR",
      "totalAmountForAdults": null,
      "totalAmountForChildren": null,
      "totalAmountForInfants": null,
      "totalAmountWithTaxForAdults": null,
      "totalAmountWithTaxForChildren": null,
      "totalAmountWithTaxForInfants": null,
      "totalAmountWithoutTaxForAdults": null,
      "totalAmountWithoutTaxForChildren": null,
      "totalAmountWithoutTaxForInfants": null,
      "enableTicketNumber": "Y",
      "dcsDataDetails": null,
      "referenceDetails": [],
      "statusDetails": [],
      "itineraryReferenceDetails": [],
      "vehicleInformationDetails": [],
      "cancelOrConfirmNbrDetails": {"reservationVO": null},
      "customerInfoDetails": {"customerReferencesVO": null},
      "companyIdentificationDetails": [],
      "rateInfoDetails":       {
         "tariffInfo": null,
         "rateInformation": null,
         "chargeDetails": null
      },
      "paymentDetails": {"formOfPayment": null},
      "bookingSourceDetails": {"originatorDetails": null},
      "marketingInfoDetails": [],
      "supleInfoDetails": [],
      "attributeDetails":       {
         "criteriaSetType": null,
         "criteriaDetailsVO": null
      },
      "locationInfoVOLst": [],
      "pickupDropoffTimesVO": [],
      "typicalCarData": null,
      "legSectionLst": [],
      "rateCodeGroupDetails":       {
         "rateCodeInfoVO": null,
         "additionalInfoVO": null
      },
      "premiumBooking": false,
      "paid": true,
      "flown": false,
      "groupBooking": false,
      "international": false,
      "ticketed": true
   }
}}