{"selfServiceResponse": {
   "resultCode": "200",
   "resultMessage": "Success",
   "sessionId": "00BQ6HM7F4",
   "sequenceNumber": "2",
   "securityToken": "39RXX7DH8EOIY30RV14XX7AOY3",
   "pnrDetails":    {
      "pnrNumber": "NOWV7Z",
      "creatingOfficeId": "JNB4Z08AA",
      "officeId": "JNB4Z08AA",
      "dayTimeTelephone": null,
      "dayTimeTelephoneReferenceNumber": null,
      "mobileTelephone": null,
      "mobileTelephoneReferenceNumber": null,
      "emailAddress": null,
      "emailAddressReferenceNumber": null,
      "totalBookingAmount": null,
      "fareDetails": null,
      "taxDetails": null,
      "itineraryDetails":       [
                  {
            "origin": "JNB",
            "destination": "CPT",
            "carrierCode": "4Z",
            "flightNumber": "909",
            "arrivalDate": "19-AUG-2022 20:20",
            "departureDate": "19-AUG-2022 18:10",
            "classOfTravel": "L",
            "classDescription": null,
            "aircraftType": "E90",
            "seatingInformation": [],
            "mealInformation": [],
            "extraBaggage": [],
            "referenceNumber": "1",
            "status": "B",
            "lineNumber": "4",
            "departureAirportCode": "JNB",
            "arrivalAirportCode": "CPT",
            "departureAirportDesc": null,
            "arrivalAirportDesc": null,
            "departingTerminal": "B",
            "arrivingTerminal": null,
            "originDescription": null,
            "destinationDescription": null,
            "operatedBy": null,
            "typicalCarData": null,
            "segmentName": "AIR",
            "eticketable": true
         },
                  {
            "origin": "CPT",
            "destination": "GRJ",
            "carrierCode": "4Z",
            "flightNumber": "633",
            "arrivalDate": "20-AUG-2022 13:05",
            "departureDate": "20-AUG-2022 12:10",
            "classOfTravel": "L",
            "classDescription": null,
            "aircraftType": "ERD",
            "seatingInformation": [],
            "mealInformation": [],
            "extraBaggage": [],
            "referenceNumber": "2",
            "status": "B",
            "lineNumber": "5",
            "departureAirportCode": "CPT",
            "arrivalAirportCode": "GRJ",
            "departureAirportDesc": null,
            "arrivalAirportDesc": null,
            "departingTerminal": null,
            "arrivingTerminal": null,
            "originDescription": null,
            "destinationDescription": null,
            "operatedBy": null,
            "typicalCarData": null,
            "segmentName": "AIR",
            "eticketable": true
         },
                  {
            "origin": "GRJ",
            "destination": "JNB",
            "carrierCode": "4Z",
            "flightNumber": "694",
            "arrivalDate": "20-AUG-2022 15:30",
            "departureDate": "20-AUG-2022 13:45",
            "classOfTravel": "G",
            "classDescription": null,
            "aircraftType": "E70",
            "seatingInformation": [],
            "mealInformation": [],
            "extraBaggage": [],
            "referenceNumber": "3",
            "status": "B",
            "lineNumber": "6",
            "departureAirportCode": "GRJ",
            "arrivalAirportCode": "JNB",
            "departureAirportDesc": null,
            "arrivalAirportDesc": null,
            "departingTerminal": null,
            "arrivingTerminal": "B",
            "originDescription": null,
            "destinationDescription": null,
            "operatedBy": null,
            "typicalCarData": null,
            "segmentName": "AIR",
            "eticketable": true
         }
      ],
      "passengerDetails":       [
                  {
            "firstName": "ONE MRS",
            "surName": "TEST",
            "title": null,
            "paxType": "ADT",
            "eTicketNumber": "749-2401344501",
            "emdNumbers": null,
            "dateOfBirth": null,
            "frequentFlyerMembershipType": null,
            "frequentFlyerNumber": null,
            "frequentFlyerCategory": null,
            "frequentFlyerVersionNumber": null,
            "frequentFlyerApprovalCode": null,
            "frequentFlyerProgram": null,
            "referenceQualifier": "PT",
            "referenceNumber": "2",
            "lineNumber": "2"
         },
                  {
            "firstName": "TWO MRS",
            "surName": "TEST",
            "title": null,
            "paxType": "ADT",
            "eTicketNumber": "749-2401344502",
            "emdNumbers": null,
            "dateOfBirth": null,
            "frequentFlyerMembershipType": null,
            "frequentFlyerNumber": null,
            "frequentFlyerCategory": null,
            "frequentFlyerVersionNumber": null,
            "frequentFlyerApprovalCode": null,
            "frequentFlyerProgram": null,
            "referenceQualifier": "PT",
            "referenceNumber": "4",
            "lineNumber": "3"
         },
                  {
            "firstName": "CHLD MR",
            "surName": "TEST",
            "title": null,
            "paxType": "CHD",
            "eTicketNumber": "749-2401344500",
            "emdNumbers": null,
            "dateOfBirth": "25-Jun-2018",
            "frequentFlyerMembershipType": null,
            "frequentFlyerNumber": null,
            "frequentFlyerCategory": null,
            "frequentFlyerVersionNumber": null,
            "frequentFlyerApprovalCode": null,
            "frequentFlyerProgram": null,
            "referenceQualifier": "PT",
            "referenceNumber": "5",
            "lineNumber": "1"
         },
                  {
            "firstName": "TEST",
            "surName": "INFANT",
            "title": null,
            "paxType": "INF",
            "eTicketNumber": "749-2401344503",
            "emdNumbers": null,
            "dateOfBirth": "09-Mar-2021",
            "frequentFlyerMembershipType": null,
            "frequentFlyerNumber": null,
            "frequentFlyerCategory": null,
            "frequentFlyerVersionNumber": null,
            "frequentFlyerApprovalCode": null,
            "frequentFlyerProgram": null,
            "referenceQualifier": null,
            "referenceNumber": null,
            "lineNumber": "2"
         }
      ],
      "emdDetails": null,
      "fareInfoDetails": null,
      "bookingSource": null,
      "hasReturn": false,
      "pricingClass": null,
      "sknDetailsVO": null,
      "originCity": null,
      "isOPCExist": "N",
      "alternateContactDetailsVO": null,
      "emdAmount": "0.0",
      "emdCurrency": "ZAR",
      "totalAmountForAdults": null,
      "totalAmountForChildren": null,
      "totalAmountForInfants": null,
      "totalAmountWithTaxForAdults": null,
      "totalAmountWithTaxForChildren": null,
      "totalAmountWithTaxForInfants": null,
      "totalAmountWithoutTaxForAdults": null,
      "totalAmountWithoutTaxForChildren": null,
      "totalAmountWithoutTaxForInfants": null,
      "enableTicketNumber": "Y",
      "dcsDataDetails":       {
         "markerPax": null,
         "markerSegment": null,
         "segmentSection": [         [
                        {
               "elementManagementStructData":                {
                  "elementReference":                   {
                     "qualifier": "OT",
                     "number": 72,
                     "segmentName": null
                  },
                  "segmentName": "PDS"
               },
               "referenceForStructDataElement": {"referenceVO":                [
                                    {
                     "qualifier": "PT",
                     "number": "2"
                  },
                                    {
                     "qualifier": "ST",
                     "number": "1"
                  }
               ]},
               "dcsSegmentInfo":                {
                  "booking": null,
                  "paxType": {"referenceDetails": {"type": "A"}}
               }
            },
            "segmentSection",
                        {
               "elementManagementStructData":                {
                  "elementReference":                   {
                     "qualifier": "OT",
                     "number": 76,
                     "segmentName": null
                  },
                  "segmentName": "PDS"
               },
               "referenceForStructDataElement": {"referenceVO":                [
                                    {
                     "qualifier": "PT",
                     "number": "2"
                  },
                                    {
                     "qualifier": "ST",
                     "number": "1"
                  }
               ]},
               "dcsSegmentInfo":                {
                  "booking": null,
                  "paxType": {"referenceDetails": {"type": "INF"}}
               }
            },
            "segmentSection",
                        {
               "elementManagementStructData":                {
                  "elementReference":                   {
                     "qualifier": "OT",
                     "number": 78,
                     "segmentName": null
                  },
                  "segmentName": "PDS"
               },
               "referenceForStructDataElement": {"referenceVO":                [
                                    {
                     "qualifier": "PT",
                     "number": "4"
                  },
                                    {
                     "qualifier": "ST",
                     "number": "1"
                  }
               ]},
               "dcsSegmentInfo":                {
                  "booking": null,
                  "paxType": {"referenceDetails": {"type": "A"}}
               }
            },
            "segmentSection",
                        {
               "elementManagementStructData":                {
                  "elementReference":                   {
                     "qualifier": "OT",
                     "number": 68,
                     "segmentName": null
                  },
                  "segmentName": "PDS"
               },
               "referenceForStructDataElement": {"referenceVO":                [
                                    {
                     "qualifier": "PT",
                     "number": "5"
                  },
                                    {
                     "qualifier": "ST",
                     "number": "1"
                  }
               ]},
               "dcsSegmentInfo":                {
                  "booking": null,
                  "paxType": {"referenceDetails": {"type": "A"}}
               }
            },
            "segmentSection",
                        {
               "elementManagementStructData":                {
                  "elementReference":                   {
                     "qualifier": "OT",
                     "number": 84,
                     "segmentName": null
                  },
                  "segmentName": "PDS"
               },
               "referenceForStructDataElement": {"referenceVO":                [
                                    {
                     "qualifier": "PT",
                     "number": "2"
                  },
                                    {
                     "qualifier": "ST",
                     "number": "2"
                  }
               ]},
               "dcsSegmentInfo":                {
                  "booking": null,
                  "paxType": {"referenceDetails": {"type": "A"}}
               }
            },
            "segmentSection",
                        {
               "elementManagementStructData":                {
                  "elementReference":                   {
                     "qualifier": "OT",
                     "number": 87,
                     "segmentName": null
                  },
                  "segmentName": "PDS"
               },
               "referenceForStructDataElement": {"referenceVO":                [
                                    {
                     "qualifier": "PT",
                     "number": "4"
                  },
                                    {
                     "qualifier": "ST",
                     "number": "2"
                  }
               ]},
               "dcsSegmentInfo":                {
                  "booking": null,
                  "paxType": {"referenceDetails": {"type": "A"}}
               }
            },
            "segmentSection",
                        {
               "elementManagementStructData":                {
                  "elementReference":                   {
                     "qualifier": "OT",
                     "number": 60,
                     "segmentName": null
                  },
                  "segmentName": "PDS"
               },
               "referenceForStructDataElement": {"referenceVO":                [
                                    {
                     "qualifier": "PT",
                     "number": "5"
                  },
                                    {
                     "qualifier": "ST",
                     "number": "2"
                  }
               ]},
               "dcsSegmentInfo":                {
                  "booking": null,
                  "paxType": {"referenceDetails": {"type": "A"}}
               }
            },
            "segmentSection",
                        {
               "elementManagementStructData":                {
                  "elementReference":                   {
                     "qualifier": "OT",
                     "number": 90,
                     "segmentName": null
                  },
                  "segmentName": "PDS"
               },
               "referenceForStructDataElement": {"referenceVO":                [
                                    {
                     "qualifier": "PT",
                     "number": "2"
                  },
                                    {
                     "qualifier": "ST",
                     "number": "3"
                  }
               ]},
               "dcsSegmentInfo":                {
                  "booking": null,
                  "paxType": {"referenceDetails": {"type": "A"}}
               }
            },
            "segmentSection",
                        {
               "elementManagementStructData":                {
                  "elementReference":                   {
                     "qualifier": "OT",
                     "number": 93,
                     "segmentName": null
                  },
                  "segmentName": "PDS"
               },
               "referenceForStructDataElement": {"referenceVO":                [
                                    {
                     "qualifier": "PT",
                     "number": "4"
                  },
                                    {
                     "qualifier": "ST",
                     "number": "3"
                  }
               ]},
               "dcsSegmentInfo":                {
                  "booking": null,
                  "paxType": {"referenceDetails": {"type": "A"}}
               }
            },
            "segmentSection",
                        {
               "elementManagementStructData":                {
                  "elementReference":                   {
                     "qualifier": "OT",
                     "number": 64,
                     "segmentName": null
                  },
                  "segmentName": "PDS"
               },
               "referenceForStructDataElement": {"referenceVO":                [
                                    {
                     "qualifier": "PT",
                     "number": "5"
                  },
                                    {
                     "qualifier": "ST",
                     "number": "3"
                  }
               ]},
               "dcsSegmentInfo":                {
                  "booking": null,
                  "paxType": {"referenceDetails": {"type": "A"}}
               }
            },
            "segmentSection"
         ]],
         "legSection":          [
            [            {
               "elementManagementStructData":                {
                  "elementReference":                   {
                     "qualifier": "OT",
                     "number": 74,
                     "segmentName": null
                  },
                  "segmentName": "PDL"
               },
               "referenceForStructDataElement": {"referenceVO":                [
                                    {
                     "qualifier": "PT",
                     "number": "2"
                  },
                                    {
                     "qualifier": "ST",
                     "number": "1"
                  }
               ]},
               "dcsLegInfo":                {
                  "legPosition": {"itemNumber": 1},
                  "leg":                   {
                     "origin": "JNB",
                     "destination": "CPT"
                  },
                  "seatDelivery": {"seatDetails":                   {
                     "seatNumber": "013F",
                     "seatCharacteristicLst":                      [
                        "N",
                        "W",
                        "ES",
                        "I"
                     ]
                  }},
                  "paxType": {"referenceDetails": {"type": "A"}},
                  "paxStatus": {"statusDetails":                   [
                                          {
                        "indicator": "CAC",
                        "type": "CAS"
                     },
                                          {
                        "indicator": "NBD",
                        "type": "BDS"
                     },
                                          {
                        "indicator": "NRG",
                        "type": "RGS"
                     },
                                          {
                        "indicator": "REC",
                        "type": "CRS"
                     },
                                          {
                        "indicator": "NBG",
                        "type": "CBS"
                     },
                                          {
                        "indicator": "NFL",
                        "type": "TPS"
                     },
                                          {
                        "indicator": "NCW",
                        "type": "WLS"
                     }
                  ]},
                  "regradeCabin": {"cabinCode": "Y"},
                  "acceptanceChannel":                   {
                     "acceptanceOrigin": {"originatorTypeCode": "D"},
                     "applicationType": {"applicationDetails": {"internalId": "WEB"}}
                  }
               }
            }],
            "LegSection",
            [            {
               "elementManagementStructData":                {
                  "elementReference":                   {
                     "qualifier": "OT",
                     "number": 80,
                     "segmentName": null
                  },
                  "segmentName": "PDL"
               },
               "referenceForStructDataElement": {"referenceVO":                [
                                    {
                     "qualifier": "PT",
                     "number": "2"
                  },
                                    {
                     "qualifier": "ST",
                     "number": "1"
                  }
               ]},
               "dcsLegInfo":                {
                  "legPosition": {"itemNumber": 1},
                  "leg":                   {
                     "origin": "JNB",
                     "destination": "CPT"
                  },
                  "seatDelivery": {"seatDetails":                   {
                     "seatNumber": "013F",
                     "seatCharacteristicLst":                      [
                        "N",
                        "W",
                        "ES",
                        "I"
                     ]
                  }},
                  "paxType": {"referenceDetails": {"type": "INF"}},
                  "paxStatus": {"statusDetails":                   [
                                          {
                        "indicator": "CAC",
                        "type": "CAS"
                     },
                                          {
                        "indicator": "NBD",
                        "type": "BDS"
                     },
                                          {
                        "indicator": "NRG",
                        "type": "RGS"
                     },
                                          {
                        "indicator": "REC",
                        "type": "CRS"
                     },
                                          {
                        "indicator": "NBG",
                        "type": "CBS"
                     },
                                          {
                        "indicator": "NFL",
                        "type": "TPS"
                     },
                                          {
                        "indicator": "NCW",
                        "type": "WLS"
                     }
                  ]},
                  "regradeCabin": {"cabinCode": "Y"},
                  "acceptanceChannel":                   {
                     "acceptanceOrigin": {"originatorTypeCode": "D"},
                     "applicationType": {"applicationDetails": {"internalId": "WEB"}}
                  }
               }
            }],
            "LegSection",
            [            {
               "elementManagementStructData":                {
                  "elementReference":                   {
                     "qualifier": "OT",
                     "number": 82,
                     "segmentName": null
                  },
                  "segmentName": "PDL"
               },
               "referenceForStructDataElement": {"referenceVO":                [
                                    {
                     "qualifier": "PT",
                     "number": "4"
                  },
                                    {
                     "qualifier": "ST",
                     "number": "1"
                  }
               ]},
               "dcsLegInfo":                {
                  "legPosition": {"itemNumber": 1},
                  "leg":                   {
                     "origin": "JNB",
                     "destination": "CPT"
                  },
                  "seatDelivery": {"seatDetails":                   {
                     "seatNumber": "013C",
                     "seatCharacteristicLst":                      [
                        "N",
                        "A",
                        "ES",
                        "I"
                     ]
                  }},
                  "paxType": {"referenceDetails": {"type": "A"}},
                  "paxStatus": {"statusDetails":                   [
                                          {
                        "indicator": "CNA",
                        "type": "CAS"
                     },
                                          {
                        "indicator": "NBD",
                        "type": "BDS"
                     },
                                          {
                        "indicator": "NRG",
                        "type": "RGS"
                     },
                                          {
                        "indicator": "REC",
                        "type": "CRS"
                     },
                                          {
                        "indicator": "NBG",
                        "type": "CBS"
                     },
                                          {
                        "indicator": "NFL",
                        "type": "TPS"
                     },
                                          {
                        "indicator": "NCW",
                        "type": "WLS"
                     }
                  ]},
                  "regradeCabin": {"cabinCode": "Y"},
                  "acceptanceChannel":                   {
                     "acceptanceOrigin": null,
                     "applicationType": null
                  }
               }
            }],
            "LegSection",
            [            {
               "elementManagementStructData":                {
                  "elementReference":                   {
                     "qualifier": "OT",
                     "number": 70,
                     "segmentName": null
                  },
                  "segmentName": "PDL"
               },
               "referenceForStructDataElement": {"referenceVO":                [
                                    {
                     "qualifier": "PT",
                     "number": "5"
                  },
                                    {
                     "qualifier": "ST",
                     "number": "1"
                  }
               ]},
               "dcsLegInfo":                {
                  "legPosition": {"itemNumber": 1},
                  "leg":                   {
                     "origin": "JNB",
                     "destination": "CPT"
                  },
                  "seatDelivery": {"seatDetails":                   {
                     "seatNumber": "013D",
                     "seatCharacteristicLst":                      [
                        "N",
                        "A",
                        "ES",
                        "I"
                     ]
                  }},
                  "paxType": {"referenceDetails": {"type": "A"}},
                  "paxStatus": {"statusDetails":                   [
                                          {
                        "indicator": "CAC",
                        "type": "CAS"
                     },
                                          {
                        "indicator": "NBD",
                        "type": "BDS"
                     },
                                          {
                        "indicator": "NRG",
                        "type": "RGS"
                     },
                                          {
                        "indicator": "REC",
                        "type": "CRS"
                     },
                                          {
                        "indicator": "NBG",
                        "type": "CBS"
                     },
                                          {
                        "indicator": "NFL",
                        "type": "TPS"
                     },
                                          {
                        "indicator": "NCW",
                        "type": "WLS"
                     }
                  ]},
                  "regradeCabin": {"cabinCode": "Y"},
                  "acceptanceChannel":                   {
                     "acceptanceOrigin": {"originatorTypeCode": "D"},
                     "applicationType": {"applicationDetails": {"internalId": "WEB"}}
                  }
               }
            }],
            "LegSection",
            [            {
               "elementManagementStructData":                {
                  "elementReference":                   {
                     "qualifier": "OT",
                     "number": 85,
                     "segmentName": null
                  },
                  "segmentName": "PDL"
               },
               "referenceForStructDataElement": {"referenceVO":                [
                                    {
                     "qualifier": "PT",
                     "number": "2"
                  },
                                    {
                     "qualifier": "ST",
                     "number": "2"
                  }
               ]},
               "dcsLegInfo":                {
                  "legPosition": {"itemNumber": 1},
                  "leg":                   {
                     "origin": "CPT",
                     "destination": "GRJ"
                  },
                  "seatDelivery": {"seatDetails":                   {
                     "seatNumber": null,
                     "seatCharacteristicLst": []
                  }},
                  "paxType": {"referenceDetails": {"type": "A"}},
                  "paxStatus": {"statusDetails":                   [
                                          {
                        "indicator": "CNA",
                        "type": "CAS"
                     },
                                          {
                        "indicator": "NBD",
                        "type": "BDS"
                     },
                                          {
                        "indicator": "NRG",
                        "type": "RGS"
                     },
                                          {
                        "indicator": "REC",
                        "type": "CRS"
                     },
                                          {
                        "indicator": "NBG",
                        "type": "CBS"
                     },
                                          {
                        "indicator": "NFL",
                        "type": "TPS"
                     },
                                          {
                        "indicator": "NCW",
                        "type": "WLS"
                     }
                  ]},
                  "regradeCabin": {"cabinCode": "Y"},
                  "acceptanceChannel":                   {
                     "acceptanceOrigin": null,
                     "applicationType": null
                  }
               }
            }],
            "LegSection",
            [            {
               "elementManagementStructData":                {
                  "elementReference":                   {
                     "qualifier": "OT",
                     "number": 88,
                     "segmentName": null
                  },
                  "segmentName": "PDL"
               },
               "referenceForStructDataElement": {"referenceVO":                [
                                    {
                     "qualifier": "PT",
                     "number": "4"
                  },
                                    {
                     "qualifier": "ST",
                     "number": "2"
                  }
               ]},
               "dcsLegInfo":                {
                  "legPosition": {"itemNumber": 1},
                  "leg":                   {
                     "origin": "CPT",
                     "destination": "GRJ"
                  },
                  "seatDelivery": {"seatDetails":                   {
                     "seatNumber": null,
                     "seatCharacteristicLst": []
                  }},
                  "paxType": {"referenceDetails": {"type": "A"}},
                  "paxStatus": {"statusDetails":                   [
                                          {
                        "indicator": "CNA",
                        "type": "CAS"
                     },
                                          {
                        "indicator": "NBD",
                        "type": "BDS"
                     },
                                          {
                        "indicator": "NRG",
                        "type": "RGS"
                     },
                                          {
                        "indicator": "REC",
                        "type": "CRS"
                     },
                                          {
                        "indicator": "NBG",
                        "type": "CBS"
                     },
                                          {
                        "indicator": "NFL",
                        "type": "TPS"
                     },
                                          {
                        "indicator": "NCW",
                        "type": "WLS"
                     }
                  ]},
                  "regradeCabin": {"cabinCode": "Y"},
                  "acceptanceChannel":                   {
                     "acceptanceOrigin": null,
                     "applicationType": null
                  }
               }
            }],
            "LegSection",
            [            {
               "elementManagementStructData":                {
                  "elementReference":                   {
                     "qualifier": "OT",
                     "number": 62,
                     "segmentName": null
                  },
                  "segmentName": "PDL"
               },
               "referenceForStructDataElement": {"referenceVO":                [
                                    {
                     "qualifier": "PT",
                     "number": "5"
                  },
                                    {
                     "qualifier": "ST",
                     "number": "2"
                  }
               ]},
               "dcsLegInfo":                {
                  "legPosition": {"itemNumber": 1},
                  "leg":                   {
                     "origin": "CPT",
                     "destination": "GRJ"
                  },
                  "seatDelivery": {"seatDetails":                   {
                     "seatNumber": null,
                     "seatCharacteristicLst": []
                  }},
                  "paxType": {"referenceDetails": {"type": "A"}},
                  "paxStatus": {"statusDetails":                   [
                                          {
                        "indicator": "CNA",
                        "type": "CAS"
                     },
                                          {
                        "indicator": "NBD",
                        "type": "BDS"
                     },
                                          {
                        "indicator": "NRG",
                        "type": "RGS"
                     },
                                          {
                        "indicator": "REC",
                        "type": "CRS"
                     },
                                          {
                        "indicator": "NBG",
                        "type": "CBS"
                     },
                                          {
                        "indicator": "NFL",
                        "type": "TPS"
                     },
                                          {
                        "indicator": "NCW",
                        "type": "WLS"
                     }
                  ]},
                  "regradeCabin": {"cabinCode": "Y"},
                  "acceptanceChannel":                   {
                     "acceptanceOrigin": null,
                     "applicationType": null
                  }
               }
            }],
            "LegSection",
            [            {
               "elementManagementStructData":                {
                  "elementReference":                   {
                     "qualifier": "OT",
                     "number": 91,
                     "segmentName": null
                  },
                  "segmentName": "PDL"
               },
               "referenceForStructDataElement": {"referenceVO":                [
                                    {
                     "qualifier": "PT",
                     "number": "2"
                  },
                                    {
                     "qualifier": "ST",
                     "number": "3"
                  }
               ]},
               "dcsLegInfo":                {
                  "legPosition": {"itemNumber": 1},
                  "leg":                   {
                     "origin": "GRJ",
                     "destination": "JNB"
                  },
                  "seatDelivery": {"seatDetails":                   {
                     "seatNumber": null,
                     "seatCharacteristicLst": []
                  }},
                  "paxType": {"referenceDetails": {"type": "A"}},
                  "paxStatus": {"statusDetails":                   [
                                          {
                        "indicator": "CNA",
                        "type": "CAS"
                     },
                                          {
                        "indicator": "NBD",
                        "type": "BDS"
                     },
                                          {
                        "indicator": "NRG",
                        "type": "RGS"
                     },
                                          {
                        "indicator": "REC",
                        "type": "CRS"
                     },
                                          {
                        "indicator": "NBG",
                        "type": "CBS"
                     },
                                          {
                        "indicator": "NFL",
                        "type": "TPS"
                     },
                                          {
                        "indicator": "NCW",
                        "type": "WLS"
                     }
                  ]},
                  "regradeCabin": {"cabinCode": "Y"},
                  "acceptanceChannel":                   {
                     "acceptanceOrigin": null,
                     "applicationType": null
                  }
               }
            }],
            "LegSection",
            [            {
               "elementManagementStructData":                {
                  "elementReference":                   {
                     "qualifier": "OT",
                     "number": 94,
                     "segmentName": null
                  },
                  "segmentName": "PDL"
               },
               "referenceForStructDataElement": {"referenceVO":                [
                                    {
                     "qualifier": "PT",
                     "number": "4"
                  },
                                    {
                     "qualifier": "ST",
                     "number": "3"
                  }
               ]},
               "dcsLegInfo":                {
                  "legPosition": {"itemNumber": 1},
                  "leg":                   {
                     "origin": "GRJ",
                     "destination": "JNB"
                  },
                  "seatDelivery": {"seatDetails":                   {
                     "seatNumber": null,
                     "seatCharacteristicLst": []
                  }},
                  "paxType": {"referenceDetails": {"type": "A"}},
                  "paxStatus": {"statusDetails":                   [
                                          {
                        "indicator": "CNA",
                        "type": "CAS"
                     },
                                          {
                        "indicator": "NBD",
                        "type": "BDS"
                     },
                                          {
                        "indicator": "NRG",
                        "type": "RGS"
                     },
                                          {
                        "indicator": "REC",
                        "type": "CRS"
                     },
                                          {
                        "indicator": "NBG",
                        "type": "CBS"
                     },
                                          {
                        "indicator": "NFL",
                        "type": "TPS"
                     },
                                          {
                        "indicator": "NCW",
                        "type": "WLS"
                     }
                  ]},
                  "regradeCabin": {"cabinCode": "Y"},
                  "acceptanceChannel":                   {
                     "acceptanceOrigin": null,
                     "applicationType": null
                  }
               }
            }],
            "LegSection",
            [            {
               "elementManagementStructData":                {
                  "elementReference":                   {
                     "qualifier": "OT",
                     "number": 66,
                     "segmentName": null
                  },
                  "segmentName": "PDL"
               },
               "referenceForStructDataElement": {"referenceVO":                [
                                    {
                     "qualifier": "PT",
                     "number": "5"
                  },
                                    {
                     "qualifier": "ST",
                     "number": "3"
                  }
               ]},
               "dcsLegInfo":                {
                  "legPosition": {"itemNumber": 1},
                  "leg":                   {
                     "origin": "GRJ",
                     "destination": "JNB"
                  },
                  "seatDelivery": {"seatDetails":                   {
                     "seatNumber": null,
                     "seatCharacteristicLst": []
                  }},
                  "paxType": {"referenceDetails": {"type": "A"}},
                  "paxStatus": {"statusDetails":                   [
                                          {
                        "indicator": "CNA",
                        "type": "CAS"
                     },
                                          {
                        "indicator": "NBD",
                        "type": "BDS"
                     },
                                          {
                        "indicator": "NRG",
                        "type": "RGS"
                     },
                                          {
                        "indicator": "REC",
                        "type": "CRS"
                     },
                                          {
                        "indicator": "NBG",
                        "type": "CBS"
                     },
                                          {
                        "indicator": "NFL",
                        "type": "TPS"
                     },
                                          {
                        "indicator": "NCW",
                        "type": "WLS"
                     }
                  ]},
                  "regradeCabin": {"cabinCode": "Y"},
                  "acceptanceChannel":                   {
                     "acceptanceOrigin": null,
                     "applicationType": null
                  }
               }
            }],
            "LegSection"
         ]
      },
      "referenceDetails": [],
      "statusDetails": [],
      "itineraryReferenceDetails": [],
      "vehicleInformationDetails": [],
      "cancelOrConfirmNbrDetails": {"reservationVO": null},
      "customerInfoDetails": {"customerReferencesVO": null},
      "companyIdentificationDetails": [],
      "rateInfoDetails":       {
         "tariffInfo": null,
         "rateInformation": null,
         "chargeDetails": null
      },
      "paymentDetails": {"formOfPayment": null},
      "bookingSourceDetails": {"originatorDetails": null},
      "marketingInfoDetails": [],
      "supleInfoDetails": [],
      "attributeDetails":       {
         "criteriaSetType": null,
         "criteriaDetailsVO": null
      },
      "locationInfoVOLst": [],
      "pickupDropoffTimesVO": [],
      "typicalCarData": null,
      "legSectionLst": [],
      "international": false,
      "ticketed": true,
      "paid": true,
      "groupBooking": false,
      "flown": true,
      "premiumBooking": false,
      "rateCodeGroupDetails":       {
         "rateCodeInfoVO": null,
         "additionalInfoVO": null
      }
   }
}}