<?xml version='1.0' encoding='utf-8'?><soapenv:Envelope xmlns:soapenv="http://schemas.xmlsoap.org/soap/envelope/" xmlns:awsse="http://xml.amadeus.com/2010/06/Session_v3" xmlns:wsa="http://www.w3.org/2005/08/addressing"><soapenv:Header><wsa:To>http://www.w3.org/2005/08/addressing/anonymous</wsa:To><wsa:From><wsa:Address>https://nodeA3.test.webservices.amadeus.com/1ASIWRIA4Z</wsa:Address></wsa:From><wsa:Action>http://webservices.amadeus.com/PNRRET_17_1_1A</wsa:Action><wsa:MessageID>urn:uuid:f3d45465-a84b-0a44-a1c2-42cc2b2cc251</wsa:MessageID><wsa:RelatesTo RelationshipType="http://www.w3.org/2005/08/addressing/reply">urn:uuid:dffa344e-bc0f-49fd-99b3-4f7af2dcc7cc</wsa:RelatesTo><awsse:Session TransactionStatusCode="InSeries"><awsse:SessionId>014JYBHX05</awsse:SessionId><awsse:SequenceNumber>1</awsse:SequenceNumber><awsse:SecurityToken>2PWSL5QKSXPIIT1EJT1EF1IOE</awsse:SecurityToken></awsse:Session></soapenv:Header><soapenv:Body><PNR_Reply xmlns="http://xml.amadeus.com/PNRACC_17_1_1A"><pnrHeader><reservationInfo><reservation><companyId>1A</companyId><controlNumber>NOWV7Z</controlNumber><date>190822</date><time>0830</time></reservation></reservationInfo></pnrHeader><securityInformation><responsibilityInformation><typeOfPnrElement>RP</typeOfPnrElement><agentId>WBSU</agentId><officeId>JNB4Z08AA</officeId><iataCode>77491024</iataCode></responsibilityInformation><queueingInformation><queueingOfficeId>JNB4Z08AA</queueingOfficeId></queueingInformation><cityCode>JNB</cityCode><secondRpInformation><creationOfficeId>JNB4Z08AA</creationOfficeId><agentSignature>0001AA</agentSignature><creationDate>190822</creationDate><creatorIataCode>77491024</creatorIataCode><creationTime>0608</creationTime></secondRpInformation></securityInformation><freetextData><freetextDetail><subjectQualifier>3</subjectQualifier><type>P12</type></freetextDetail><longFreetext>--- TST RLR DCS ---</longFreetext></freetextData><pnrHeaderTag><statusInformation><indicator>TST</indicator></statusInformation><statusInformation><indicator>RLR</indicator></statusInformation><statusInformation><indicator>DCS</indicator></statusInformation></pnrHeaderTag><sbrPOSDetails><sbrUserIdentificationOwn><originIdentification><originatorId>77491024</originatorId><inHouseIdentification1>JNB4Z08AA</inHouseIdentification1></originIdentification><originatorTypeCode>A</originatorTypeCode></sbrUserIdentificationOwn><sbrSystemDetails><deliveringSystem><companyId>4Z</companyId><locationId>JNB</locationId></deliveringSystem></sbrSystemDetails><sbrPreferences><userPreferences><codedCountry>ZA</codedCountry></userPreferences></sbrPreferences></sbrPOSDetails><sbrCreationPosDetails><sbrUserIdentificationOwn><originIdentification><originatorId>77491024</originatorId><inHouseIdentification1>JNB4Z08AA</inHouseIdentification1></originIdentification><originatorTypeCode>A</originatorTypeCode></sbrUserIdentificationOwn><sbrSystemDetails><deliveringSystem><companyId>4Z</companyId><locationId>JNB</locationId></deliveringSystem></sbrSystemDetails><sbrPreferences><userPreferences><codedCountry>ZA</codedCountry></userPreferences></sbrPreferences></sbrCreationPosDetails><sbrUpdatorPosDetails><sbrUserIdentificationOwn><originIdentification><inHouseIdentification1>NCE4Z00SC</inHouseIdentification1></originIdentification><originatorTypeCode>A</originatorTypeCode></sbrUserIdentificationOwn><sbrSystemDetails><deliveringSystem><companyId>4Z</companyId><locationId>NCE</locationId></deliveringSystem></sbrSystemDetails><sbrPreferences><userPreferences><codedCountry>FR</codedCountry></userPreferences></sbrPreferences></sbrUpdatorPosDetails><technicalData><enveloppeNumberData><sequenceDetails><number>12</number></sequenceDetails></enveloppeNumberData><lastTransmittedEnvelopeNumber><currentRecord>11</currentRecord></lastTransmittedEnvelopeNumber><purgeDateData><dateTime><year>2022</year><month>8</month><day>24</day></dateTime></purgeDateData></technicalData><travellerInfo><elementManagementPassenger><reference><qualifier>PT</qualifier><number>5</number></reference><segmentName>NM</segmentName><lineNumber>1</lineNumber></elementManagementPassenger><passengerData><travellerInformation><traveller><surname>TEST</surname><quantity>1</quantity></traveller><passenger><firstName>CHLD MR</firstName><type>CHD</type></passenger></travellerInformation><dateOfBirth><dateAndTimeDetails><qualifier>706</qualifier><date>25062018</date></dateAndTimeDetails></dateOfBirth></passengerData><enhancedPassengerData><enhancedTravellerInformation><travellerNameInfo><quantity>1</quantity><type>CHD</type></travellerNameInfo><otherPaxNamesDetails><nameType>UN</nameType><referenceName>Y</referenceName><displayedName>Y</displayedName><surname>TEST</surname><givenName>CHLD MR</givenName></otherPaxNamesDetails></enhancedTravellerInformation><dateOfBirthInEnhancedPaxData><dateAndTimeDetails><qualifier>706</qualifier><date>25062018</date></dateAndTimeDetails></dateOfBirthInEnhancedPaxData></enhancedPassengerData></travellerInfo><travellerInfo><elementManagementPassenger><reference><qualifier>PT</qualifier><number>2</number></reference><segmentName>NM</segmentName><lineNumber>2</lineNumber></elementManagementPassenger><passengerData><travellerInformation><traveller><surname>TEST</surname><quantity>1</quantity></traveller><passenger><firstName>ONE MRS</firstName><type>ADT</type><infantIndicator>1</infantIndicator></passenger></travellerInformation></passengerData><passengerData><travellerInformation><traveller><surname>INFANT</surname><quantity>1</quantity></traveller><passenger><firstName>TEST</firstName><type>INF</type></passenger></travellerInformation><dateOfBirth><dateAndTimeDetails><qualifier>706</qualifier><date>09032021</date></dateAndTimeDetails></dateOfBirth></passengerData><enhancedPassengerData><enhancedTravellerInformation><travellerNameInfo><quantity>1</quantity><type>ADT</type><infantIndicator>1</infantIndicator></travellerNameInfo><otherPaxNamesDetails><nameType>UN</nameType><referenceName>Y</referenceName><displayedName>Y</displayedName><surname>TEST</surname><givenName>ONE MRS</givenName></otherPaxNamesDetails></enhancedTravellerInformation></enhancedPassengerData><enhancedPassengerData><enhancedTravellerInformation><travellerNameInfo><quantity>1</quantity><type>INF</type></travellerNameInfo><otherPaxNamesDetails><nameType>UN</nameType><referenceName>Y</referenceName><displayedName>Y</displayedName><surname>INFANT</surname><givenName>TEST</givenName></otherPaxNamesDetails></enhancedTravellerInformation><dateOfBirthInEnhancedPaxData><dateAndTimeDetails><qualifier>706</qualifier><date>09032021</date></dateAndTimeDetails></dateOfBirthInEnhancedPaxData></enhancedPassengerData></travellerInfo><travellerInfo><elementManagementPassenger><reference><qualifier>PT</qualifier><number>4</number></reference><segmentName>NM</segmentName><lineNumber>3</lineNumber></elementManagementPassenger><passengerData><travellerInformation><traveller><surname>TEST</surname><quantity>1</quantity></traveller><passenger><firstName>TWO MRS</firstName><type>ADT</type></passenger></travellerInformation></passengerData><enhancedPassengerData><enhancedTravellerInformation><travellerNameInfo><quantity>1</quantity><type>ADT</type></travellerNameInfo><otherPaxNamesDetails><nameType>UN</nameType><referenceName>Y</referenceName><displayedName>Y</displayedName><surname>TEST</surname><givenName>TWO MRS</givenName></otherPaxNamesDetails></enhancedTravellerInformation></enhancedPassengerData></travellerInfo><originDestinationDetails><originDestination/><itineraryInfo><elementManagementItinerary><reference><qualifier>ST</qualifier><number>1</number></reference><segmentName>AIR</segmentName><lineNumber>4</lineNumber></elementManagementItinerary><travelProduct><product><depDate>190822</depDate><depTime>1810</depTime><arrDate>190822</arrDate><arrTime>2020</arrTime></product><boardpointDetail><cityCode>JNB</cityCode></boardpointDetail><offpointDetail><cityCode>CPT</cityCode></offpointDetail><companyDetail><identification>4Z</identification></companyDetail><productDetails><identification>909</identification><classOfService>L</classOfService></productDetails><typeDetail><detail>ET</detail></typeDetail></travelProduct><itineraryMessageAction><business><function>1</function></business></itineraryMessageAction><itineraryReservationInfo><reservation><companyId>4Z</companyId><controlNumber>NOWV7Z</controlNumber></reservation></itineraryReservationInfo><relatedProduct><quantity>3</quantity><status>HK</status></relatedProduct><flightDetail><productDetails><equipment>E90</equipment><numOfStops>0</numOfStops><weekDay>5</weekDay></productDetails><departureInformation><departTerminal>B</departTerminal></departureInformation><facilities><entertainement>M</entertainement><entertainementDescription>L</entertainementDescription></facilities></flightDetail><selectionDetails><selection><option>P2</option></selection></selectionDetails><carbonDioxydeInfo><carbonDioxydeAmount><quantityDetails><qualifier>COE</qualifier><value>139.934150</value><unit>KPP</unit></quantityDetails></carbonDioxydeAmount><carbonDioxydeInfoSource><freeTextDetails><textSubjectQualifier>3</textSubjectQualifier><source>S</source><encoding>7</encoding></freeTextDetails><freeText>SOURCE:ICAO CARBON EMISSIONS CALCULATOR</freeText></carbonDioxydeInfoSource></carbonDioxydeInfo><distributionMethod><methodCode>E</methodCode></distributionMethod><markerRailTour/></itineraryInfo><itineraryInfo><elementManagementItinerary><reference><qualifier>ST</qualifier><number>2</number></reference><segmentName>AIR</segmentName><lineNumber>5</lineNumber></elementManagementItinerary><travelProduct><product><depDate>200822</depDate><depTime>1210</depTime><arrDate>200822</arrDate><arrTime>1305</arrTime></product><boardpointDetail><cityCode>CPT</cityCode></boardpointDetail><offpointDetail><cityCode>GRJ</cityCode></offpointDetail><companyDetail><identification>4Z</identification></companyDetail><productDetails><identification>633</identification><classOfService>L</classOfService></productDetails><typeDetail><detail>ET</detail></typeDetail></travelProduct><itineraryMessageAction><business><function>1</function></business></itineraryMessageAction><itineraryReservationInfo><reservation><companyId>4Z</companyId><controlNumber>NOWV7Z</controlNumber></reservation></itineraryReservationInfo><relatedProduct><quantity>3</quantity><status>HK</status></relatedProduct><flightDetail><productDetails><equipment>ERD</equipment><numOfStops>0</numOfStops><weekDay>6</weekDay></productDetails><facilities><entertainement>M</entertainement><entertainementDescription>S</entertainementDescription></facilities></flightDetail><selectionDetails><selection><option>P2</option></selection></selectionDetails><carbonDioxydeInfo><carbonDioxydeAmount><quantityDetails><qualifier>COE</qualifier><value>101.884803</value><unit>KPP</unit></quantityDetails></carbonDioxydeAmount><carbonDioxydeInfoSource><freeTextDetails><textSubjectQualifier>3</textSubjectQualifier><source>S</source><encoding>7</encoding></freeTextDetails><freeText>SOURCE:ICAO CARBON EMISSIONS CALCULATOR</freeText></carbonDioxydeInfoSource></carbonDioxydeInfo><distributionMethod><methodCode>E</methodCode></distributionMethod><markerRailTour/></itineraryInfo><itineraryInfo><elementManagementItinerary><reference><qualifier>ST</qualifier><number>3</number></reference><segmentName>AIR</segmentName><lineNumber>6</lineNumber></elementManagementItinerary><travelProduct><product><depDate>200822</depDate><depTime>1345</depTime><arrDate>200822</arrDate><arrTime>1530</arrTime></product><boardpointDetail><cityCode>GRJ</cityCode></boardpointDetail><offpointDetail><cityCode>JNB</cityCode></offpointDetail><companyDetail><identification>4Z</identification></companyDetail><productDetails><identification>694</identification><classOfService>G</classOfService></productDetails><typeDetail><detail>ET</detail></typeDetail></travelProduct><itineraryMessageAction><business><function>1</function></business></itineraryMessageAction><itineraryReservationInfo><reservation><companyId>4Z</companyId><controlNumber>NOWV7Z</controlNumber></reservation></itineraryReservationInfo><relatedProduct><quantity>3</quantity><status>HK</status></relatedProduct><flightDetail><productDetails><equipment>E70</equipment><numOfStops>0</numOfStops><weekDay>6</weekDay></productDetails><arrivalStationInfo><terminal>B</terminal></arrivalStationInfo><facilities><entertainement>M</entertainement><entertainementDescription>L</entertainementDescription></facilities></flightDetail><selectionDetails><selection><option>P2</option></selection></selectionDetails><carbonDioxydeInfo><carbonDioxydeAmount><quantityDetails><qualifier>COE</qualifier><value>132.396099</value><unit>KPP</unit></quantityDetails></carbonDioxydeAmount><carbonDioxydeInfoSource><freeTextDetails><textSubjectQualifier>3</textSubjectQualifier><source>S</source><encoding>7</encoding></freeTextDetails><freeText>SOURCE:ICAO CARBON EMISSIONS CALCULATOR</freeText></carbonDioxydeInfoSource></carbonDioxydeInfo><distributionMethod><methodCode>E</methodCode></distributionMethod><markerRailTour/></itineraryInfo></originDestinationDetails><segmentGroupingInfo><groupingCode>CNX</groupingCode><marriageDetail><tatooNum>2</tatooNum></marriageDetail><marriageDetail><tatooNum>3</tatooNum></marriageDetail></segmentGroupingInfo><dataElementsMaster><marker2/><dataElementsIndiv><elementManagementData><reference><qualifier>OT</qualifier><number>31</number></reference><segmentName>AP</segmentName><lineNumber>7</lineNumber></elementManagementData><otherDataFreetext><freetextDetail><subjectQualifier>3</subjectQualifier><type>5</type></freetextDetail><longFreetext>+27 23235325-M</longFreetext></otherDataFreetext></dataElementsIndiv><dataElementsIndiv><elementManagementData><reference><qualifier>OT</qualifier><number>30</number></reference><segmentName>AP</segmentName><lineNumber>8</lineNumber></elementManagementData><otherDataFreetext><freetextDetail><subjectQualifier>3</subjectQualifier><type>P02</type></freetextDetail><longFreetext>TEST@GMAIL.COM</longFreetext></otherDataFreetext></dataElementsIndiv><dataElementsIndiv><elementManagementData><reference><qualifier>OT</qualifier><number>32</number></reference><segmentName>AP</segmentName><lineNumber>9</lineNumber></elementManagementData><otherDataFreetext><freetextDetail><subjectQualifier>3</subjectQualifier><type>5</type><status>N</status></freetextDetail><longFreetext>4Z/M+272352352</longFreetext></otherDataFreetext><referenceForDataElement><reference><qualifier>PT</qualifier><number>2</number></reference></referenceForDataElement></dataElementsIndiv><dataElementsIndiv><elementManagementData><reference><qualifier>OT</qualifier><number>53</number></reference><segmentName>TK</segmentName><lineNumber>10</lineNumber></elementManagementData><ticketElement><passengerType>PAX</passengerType><ticket><indicator>OK</indicator><date>190822</date><officeId>JNB4Z08AA</officeId><electronicTicketFlag>ET</electronicTicketFlag><airlineCode>4Z</airlineCode></ticket></ticketElement><referenceForDataElement><reference><qualifier>ST</qualifier><number>1</number></reference><reference><qualifier>ST</qualifier><number>2</number></reference><reference><qualifier>ST</qualifier><number>3</number></reference><reference><qualifier>PT</qualifier><number>2</number></reference><reference><qualifier>PT</qualifier><number>4</number></reference><reference><qualifier>PT</qualifier><number>5</number></reference></referenceForDataElement></dataElementsIndiv><dataElementsIndiv><elementManagementData><reference><qualifier>OT</qualifier><number>54</number></reference><segmentName>TK</segmentName><lineNumber>11</lineNumber></elementManagementData><ticketElement><ticket><indicator>OK</indicator><date>190822</date><officeId>JNB4Z08AA</officeId><electronicTicketFlag>ET</electronicTicketFlag><airlineCode>4Z</airlineCode></ticket></ticketElement></dataElementsIndiv><dataElementsIndiv><elementManagementData><reference><qualifier>OT</qualifier><number>4</number></reference><segmentName>SSR</segmentName><lineNumber>12</lineNumber></elementManagementData><serviceRequest><ssr><type>INFT</type><status>HK</status><quantity>1</quantity><companyId>4Z</companyId><freeText>INFANT/TEST 09MAR21</freeText></ssr></serviceRequest><referenceForDataElement><reference><qualifier>ST</qualifier><number>1</number></reference><reference><qualifier>PT</qualifier><number>2</number></reference></referenceForDataElement></dataElementsIndiv><dataElementsIndiv><elementManagementData><reference><qualifier>OT</qualifier><number>5</number></reference><segmentName>SSR</segmentName><lineNumber>13</lineNumber></elementManagementData><serviceRequest><ssr><type>CHLD</type><status>HK</status><quantity>1</quantity><companyId>4Z</companyId><freeText>25JUN18</freeText></ssr></serviceRequest><referenceForDataElement><reference><qualifier>PT</qualifier><number>5</number></reference></referenceForDataElement></dataElementsIndiv><dataElementsIndiv><elementManagementData><reference><qualifier>OT</qualifier><number>34</number></reference><segmentName>SSR</segmentName><lineNumber>14</lineNumber></elementManagementData><serviceRequest><ssr><type>DOCS</type><status>HK</status><quantity>1</quantity><companyId>4Z</companyId><freeText>////21JAN89/M//TEST/ONE</freeText></ssr></serviceRequest><referenceForDataElement><reference><qualifier>PT</qualifier><number>2</number></reference></referenceForDataElement></dataElementsIndiv><dataElementsIndiv><elementManagementData><reference><qualifier>OT</qualifier><number>35</number></reference><segmentName>SSR</segmentName><lineNumber>15</lineNumber></elementManagementData><serviceRequest><ssr><type>DOCS</type><status>HK</status><quantity>1</quantity><companyId>4Z</companyId><freeText>////09MAR21/MI//INFANT/TEST</freeText></ssr></serviceRequest><referenceForDataElement><reference><qualifier>PT</qualifier><number>2</number></reference></referenceForDataElement></dataElementsIndiv><dataElementsIndiv><elementManagementData><reference><qualifier>OT</qualifier><number>36</number></reference><segmentName>SSR</segmentName><lineNumber>16</lineNumber></elementManagementData><serviceRequest><ssr><type>DOCS</type><status>HK</status><quantity>1</quantity><companyId>4Z</companyId><freeText>////31JAN92/F//TEST/TWO</freeText></ssr></serviceRequest><referenceForDataElement><reference><qualifier>PT</qualifier><number>4</number></reference></referenceForDataElement></dataElementsIndiv><dataElementsIndiv><elementManagementData><reference><qualifier>OT</qualifier><number>37</number></reference><segmentName>SSR</segmentName><lineNumber>17</lineNumber></elementManagementData><serviceRequest><ssr><type>DOCS</type><status>HK</status><quantity>1</quantity><companyId>4Z</companyId><freeText>////25JUN18/M//TEST/CHLD</freeText></ssr></serviceRequest><referenceForDataElement><reference><qualifier>PT</qualifier><number>5</number></reference></referenceForDataElement></dataElementsIndiv><dataElementsIndiv><elementManagementData><reference><qualifier>OT</qualifier><number>21</number></reference><segmentName>RM</segmentName><lineNumber>18</lineNumber></elementManagementData><miscellaneousRemarks><remarks><type>RM</type><freetext>PRICING ENTRY FXP/R,UP,JNB.JNB/A4-L4ZOW/A5-L4ZOW/A6-G4ZOW</freetext></remarks></miscellaneousRemarks><extendedRemark><structuredRemark><type>RM</type><freetext>PRICING ENTRY FXP/R,UP,JNB.JNB/A4-L4ZOW/A5-L4ZOW/A6-G4ZOW</freetext></structuredRemark></extendedRemark><eltPosDetails><pointOfSaleInformationType><pointOfSale><partyCodeQualifier>UPD</partyCodeQualifier></pointOfSale></pointOfSaleInformationType><sbrUserIdentification><originIdentification><inHouseIdentification1>JNB4Z08AA</inHouseIdentification1></originIdentification></sbrUserIdentification><agentId><internalIdDetails><inhouseId>SU 0001AA</inhouseId><type>SGN</type></internalIdDetails></agentId><pointOfSaleDate><timeMode>LT</timeMode><dateTime><year>2022</year><month>08</month><day>19</day><hour>08</hour><minutes>08</minutes></dateTime></pointOfSaleDate></eltPosDetails><referenceForDataElement><reference><qualifier>ST</qualifier><number>1</number></reference><reference><qualifier>ST</qualifier><number>2</number></reference><reference><qualifier>ST</qualifier><number>3</number></reference><reference><qualifier>PT</qualifier><number>2</number></reference><reference><qualifier>PT</qualifier><number>4</number></reference><reference><qualifier>PT</qualifier><number>5</number></reference></referenceForDataElement></dataElementsIndiv><dataElementsIndiv><elementManagementData><reference><qualifier>OT</qualifier><number>22</number></reference><segmentName>RM</segmentName><lineNumber>19</lineNumber></elementManagementData><miscellaneousRemarks><remarks><type>RM</type><freetext>&lt;IP_ADDRESS> 155.190.53.7</freetext></remarks></miscellaneousRemarks><extendedRemark><structuredRemark><type>RM</type><freetext>&lt;IP_ADDRESS> 155.190.53.7</freetext></structuredRemark></extendedRemark><eltPosDetails><pointOfSaleInformationType><pointOfSale><partyCodeQualifier>UPD</partyCodeQualifier></pointOfSale></pointOfSaleInformationType><sbrUserIdentification><originIdentification><inHouseIdentification1>JNB4Z08AA</inHouseIdentification1></originIdentification></sbrUserIdentification><agentId><internalIdDetails><inhouseId>SU 0001AA</inhouseId><type>SGN</type></internalIdDetails></agentId><pointOfSaleDate><timeMode>LT</timeMode><dateTime><year>2022</year><month>08</month><day>19</day><hour>08</hour><minutes>08</minutes></dateTime></pointOfSaleDate></eltPosDetails></dataElementsIndiv><dataElementsIndiv><elementManagementData><reference><qualifier>OT</qualifier><number>33</number></reference><segmentName>RM</segmentName><lineNumber>20</lineNumber></elementManagementData><miscellaneousRemarks><remarks><type>RM</type><freetext>MODETICKET</freetext></remarks></miscellaneousRemarks><extendedRemark><structuredRemark><type>RM</type><freetext>MODETICKET</freetext></structuredRemark></extendedRemark><eltPosDetails><pointOfSaleInformationType><pointOfSale><partyCodeQualifier>UPD</partyCodeQualifier></pointOfSale></pointOfSaleInformationType><sbrUserIdentification><originIdentification><inHouseIdentification1>JNB4Z08AA</inHouseIdentification1></originIdentification></sbrUserIdentification><agentId><internalIdDetails><inhouseId>SU 0001AA</inhouseId><type>SGN</type></internalIdDetails></agentId><pointOfSaleDate><timeMode>LT</timeMode><dateTime><year>2022</year><month>08</month><day>19</day><hour>08</hour><minutes>09</minutes></dateTime></pointOfSaleDate></eltPosDetails></dataElementsIndiv><dataElementsIndiv><elementManagementData><reference><qualifier>OT</qualifier><number>47</number></reference><segmentName>RM</segmentName><lineNumber>21</lineNumber></elementManagementData><miscellaneousRemarks><remarks><type>RM</type><freetext>FARE13006.14 ZAR</freetext></remarks></miscellaneousRemarks><extendedRemark><structuredRemark><type>RM</type><freetext>FARE13006.14 ZAR</freetext></structuredRemark></extendedRemark><eltPosDetails><pointOfSaleInformationType><pointOfSale><partyCodeQualifier>UPD</partyCodeQualifier></pointOfSale></pointOfSaleInformationType><sbrUserIdentification><originIdentification><inHouseIdentification1>JNB4Z08AA</inHouseIdentification1></originIdentification></sbrUserIdentification><agentId><internalIdDetails><inhouseId>SU 0001AA</inhouseId><type>SGN</type></internalIdDetails></agentId><pointOfSaleDate><timeMode>LT</timeMode><dateTime><year>2022</year><month>08</month><day>19</day><hour>08</hour><minutes>09</minutes></dateTime></pointOfSaleDate></eltPosDetails><referenceForDataElement><reference><qualifier>PT</qualifier><number>2</number></reference><reference><qualifier>PT</qualifier><number>4</number></reference><reference><qualifier>PT</qualifier><number>5</number></reference></referenceForDataElement></dataElementsIndiv><dataElementsIndiv><elementManagementData><reference><qualifier>OT</qualifier><number>48</number></reference><segmentName>RM</segmentName><lineNumber>22</lineNumber></elementManagementData><miscellaneousRemarks><remarks><type>RM</type><freetext>TIDIQIVCAHVAA</freetext></remarks></miscellaneousRemarks><extendedRemark><structuredRemark><type>RM</type><freetext>TIDIQIVCAHVAA</freetext></structuredRemark></extendedRemark><eltPosDetails><pointOfSaleInformationType><pointOfSale><partyCodeQualifier>UPD</partyCodeQualifier></pointOfSale></pointOfSaleInformationType><sbrUserIdentification><originIdentification><inHouseIdentification1>JNB4Z08AA</inHouseIdentification1></originIdentification></sbrUserIdentification><agentId><internalIdDetails><inhouseId>SU 0001AA</inhouseId><type>SGN</type></internalIdDetails></agentId><pointOfSaleDate><timeMode>LT</timeMode><dateTime><year>2022</year><month>08</month><day>19</day><hour>08</hour><minutes>09</minutes></dateTime></pointOfSaleDate></eltPosDetails></dataElementsIndiv><dataElementsIndiv><elementManagementData><reference><qualifier>OT</qualifier><number>55</number></reference><segmentName>FA</segmentName><lineNumber>23</lineNumber></elementManagementData><otherDataFreetext><freetextDetail><subjectQualifier>3</subjectQualifier><type>P06</type></freetextDetail><longFreetext>PAX 749-2401344500/ET4Z/ZAR3933.88/19AUG22/JNB4Z08AA/77491024</longFreetext></otherDataFreetext><referenceForDataElement><reference><qualifier>ST</qualifier><number>1</number></reference><reference><qualifier>ST</qualifier><number>2</number></reference><reference><qualifier>ST</qualifier><number>3</number></reference><reference><qualifier>PT</qualifier><number>5</number></reference></referenceForDataElement></dataElementsIndiv><dataElementsIndiv><elementManagementData><reference><qualifier>OT</qualifier><number>56</number></reference><segmentName>FA</segmentName><lineNumber>24</lineNumber></elementManagementData><otherDataFreetext><freetextDetail><subjectQualifier>3</subjectQualifier><type>P06</type></freetextDetail><longFreetext>PAX 749-2401344501/ET4Z/ZAR4336.38/19AUG22/JNB4Z08AA/77491024</longFreetext></otherDataFreetext><referenceForDataElement><reference><qualifier>ST</qualifier><number>1</number></reference><reference><qualifier>ST</qualifier><number>2</number></reference><reference><qualifier>ST</qualifier><number>3</number></reference><reference><qualifier>PT</qualifier><number>2</number></reference></referenceForDataElement></dataElementsIndiv><dataElementsIndiv><elementManagementData><reference><qualifier>OT</qualifier><number>57</number></reference><segmentName>FA</segmentName><lineNumber>25</lineNumber></elementManagementData><otherDataFreetext><freetextDetail><subjectQualifier>3</subjectQualifier><type>P06</type></freetextDetail><longFreetext>PAX 749-2401344502/ET4Z/ZAR4336.38/19AUG22/JNB4Z08AA/77491024</longFreetext></otherDataFreetext><referenceForDataElement><reference><qualifier>ST</qualifier><number>1</number></reference><reference><qualifier>ST</qualifier><number>2</number></reference><reference><qualifier>ST</qualifier><number>3</number></reference><reference><qualifier>PT</qualifier><number>4</number></reference></referenceForDataElement></dataElementsIndiv><dataElementsIndiv><elementManagementData><reference><qualifier>OT</qualifier><number>58</number></reference><segmentName>FA</segmentName><lineNumber>26</lineNumber></elementManagementData><otherDataFreetext><freetextDetail><subjectQualifier>3</subjectQualifier><type>P06</type></freetextDetail><longFreetext>INF 749-2401344503/ET4Z/ZAR399.50/19AUG22/JNB4Z08AA/77491024</longFreetext></otherDataFreetext><referenceForDataElement><reference><qualifier>ST</qualifier><number>1</number></reference><reference><qualifier>ST</qualifier><number>2</number></reference><reference><qualifier>ST</qualifier><number>3</number></reference><reference><qualifier>PT</qualifier><number>2</number></reference></referenceForDataElement></dataElementsIndiv><dataElementsIndiv><elementManagementData><reference><qualifier>OT</qualifier><number>50</number></reference><segmentName>FB</segmentName><lineNumber>27</lineNumber></elementManagementData><otherDataFreetext><freetextDetail><subjectQualifier>3</subjectQualifier><type>P07</type></freetextDetail><longFreetext>PAX 0000000000 TTP/ET/ITR-EMLA/RT OK ETICKET</longFreetext></otherDataFreetext><referenceForDataElement><reference><qualifier>ST</qualifier><number>1</number></reference><reference><qualifier>ST</qualifier><number>2</number></reference><reference><qualifier>ST</qualifier><number>3</number></reference><reference><qualifier>PT</qualifier><number>5</number></reference></referenceForDataElement></dataElementsIndiv><dataElementsIndiv><elementManagementData><reference><qualifier>OT</qualifier><number>51</number></reference><segmentName>FB</segmentName><lineNumber>28</lineNumber></elementManagementData><otherDataFreetext><freetextDetail><subjectQualifier>3</subjectQualifier><type>P07</type></freetextDetail><longFreetext>PAX 0000000001 TTP/ET/ITR-EMLA/RT OK ETICKET</longFreetext></otherDataFreetext><referenceForDataElement><reference><qualifier>ST</qualifier><number>1</number></reference><reference><qualifier>ST</qualifier><number>2</number></reference><reference><qualifier>ST</qualifier><number>3</number></reference><reference><qualifier>PT</qualifier><number>2</number></reference><reference><qualifier>PT</qualifier><number>4</number></reference></referenceForDataElement></dataElementsIndiv><dataElementsIndiv><elementManagementData><reference><qualifier>OT</qualifier><number>52</number></reference><segmentName>FB</segmentName><lineNumber>29</lineNumber></elementManagementData><otherDataFreetext><freetextDetail><subjectQualifier>3</subjectQualifier><type>P07</type></freetextDetail><longFreetext>INF 0000000002 TTP/ET/ITR-EMLA/RT OK ETICKET</longFreetext></otherDataFreetext><referenceForDataElement><reference><qualifier>ST</qualifier><number>1</number></reference><reference><qualifier>ST</qualifier><number>2</number></reference><reference><qualifier>ST</qualifier><number>3</number></reference><reference><qualifier>PT</qualifier><number>2</number></reference></referenceForDataElement></dataElementsIndiv><dataElementsIndiv><elementManagementData><reference><qualifier>OT</qualifier><number>15</number></reference><segmentName>FE</segmentName><lineNumber>30</lineNumber></elementManagementData><otherDataFreetext><freetextDetail><subjectQualifier>3</subjectQualifier><type>10</type></freetextDetail><longFreetext>PAX NONEND CXD/CHG PENALTY APPY</longFreetext></otherDataFreetext><referenceForDataElement><reference><qualifier>ST</qualifier><number>1</number></reference><reference><qualifier>ST</qualifier><number>2</number></reference><reference><qualifier>ST</qualifier><number>3</number></reference><reference><qualifier>PT</qualifier><number>5</number></reference></referenceForDataElement></dataElementsIndiv><dataElementsIndiv><elementManagementData><reference><qualifier>OT</qualifier><number>17</number></reference><segmentName>FE</segmentName><lineNumber>31</lineNumber></elementManagementData><otherDataFreetext><freetextDetail><subjectQualifier>3</subjectQualifier><type>10</type></freetextDetail><longFreetext>PAX NONEND CXD/CHG PENALTY APPY</longFreetext></otherDataFreetext><referenceForDataElement><reference><qualifier>ST</qualifier><number>1</number></reference><reference><qualifier>ST</qualifier><number>2</number></reference><reference><qualifier>ST</qualifier><number>3</number></reference><reference><qualifier>PT</qualifier><number>2</number></reference><reference><qualifier>PT</qualifier><number>4</number></reference></referenceForDataElement></dataElementsIndiv><dataElementsIndiv><elementManagementData><reference><qualifier>OT</qualifier><number>19</number></reference><segmentName>FE</segmentName><lineNumber>32</lineNumber></elementManagementData><otherDataFreetext><freetextDetail><subjectQualifier>3</subjectQualifier><type>10</type></freetextDetail><longFreetext>INF NONEND CXD/CHG PENALTY APPY</longFreetext></otherDataFreetext><referenceForDataElement><reference><qualifier>ST</qualifier><number>1</number></reference><reference><qualifier>ST</qualifier><number>2</number></reference><reference><qualifier>ST</qualifier><number>3</number></reference><reference><qualifier>PT</qualifier><number>2</number></reference></referenceForDataElement></dataElementsIndiv><dataElementsIndiv><elementManagementData><reference><qualifier>OT</qualifier><number>42</number></reference><segmentName>FP</segmentName><lineNumber>33</lineNumber></elementManagementData><otherDataFreetext><freetextDetail><subjectQualifier>3</subjectQualifier><type>16</type></freetextDetail><longFreetext>PAX CCCAXXXXXXXXXXXX8745/1123*CV/A929364</longFreetext></otherDataFreetext><referenceForDataElement><reference><qualifier>ST</qualifier><number>1</number></reference><reference><qualifier>ST</qualifier><number>2</number></reference><reference><qualifier>ST</qualifier><number>3</number></reference><reference><qualifier>PT</qualifier><number>5</number></reference></referenceForDataElement></dataElementsIndiv><dataElementsIndiv><elementManagementData><reference><qualifier>OT</qualifier><number>44</number></reference><segmentName>FP</segmentName><lineNumber>34</lineNumber></elementManagementData><otherDataFreetext><freetextDetail><subjectQualifier>3</subjectQualifier><type>16</type></freetextDetail><longFreetext>PAX CCCAXXXXXXXXXXXX8745/1123*CV/A929364</longFreetext></otherDataFreetext><referenceForDataElement><reference><qualifier>ST</qualifier><number>1</number></reference><reference><qualifier>ST</qualifier><number>2</number></reference><reference><qualifier>ST</qualifier><number>3</number></reference><reference><qualifier>PT</qualifier><number>2</number></reference><reference><qualifier>PT</qualifier><number>4</number></reference></referenceForDataElement></dataElementsIndiv><dataElementsIndiv><elementManagementData><reference><qualifier>OT</qualifier><number>46</number></reference><segmentName>FP</segmentName><lineNumber>35</lineNumber></elementManagementData><otherDataFreetext><freetextDetail><subjectQualifier>3</subjectQualifier><type>16</type></freetextDetail><longFreetext>INF CCCAXXXXXXXXXXXX8745/1123*CV/A929364</longFreetext></otherDataFreetext><referenceForDataElement><reference><qualifier>ST</qualifier><number>1</number></reference><reference><qualifier>ST</qualifier><number>2</number></reference><reference><qualifier>ST</qualifier><number>3</number></reference><reference><qualifier>PT</qualifier><number>2</number></reference></referenceForDataElement></dataElementsIndiv><dataElementsIndiv><elementManagementData><reference><qualifier>OT</qualifier><number>16</number></reference><segmentName>FV</segmentName><lineNumber>36</lineNumber></elementManagementData><otherDataFreetext><freetextDetail><subjectQualifier>3</subjectQualifier><type>P18</type></freetextDetail><longFreetext>PAX 4Z</longFreetext></otherDataFreetext><referenceForDataElement><reference><qualifier>ST</qualifier><number>1</number></reference><reference><qualifier>ST</qualifier><number>2</number></reference><reference><qualifier>ST</qualifier><number>3</number></reference><reference><qualifier>PT</qualifier><number>5</number></reference></referenceForDataElement></dataElementsIndiv><dataElementsIndiv><elementManagementData><reference><qualifier>OT</qualifier><number>18</number></reference><segmentName>FV</segmentName><lineNumber>37</lineNumber></elementManagementData><otherDataFreetext><freetextDetail><subjectQualifier>3</subjectQualifier><type>P18</type></freetextDetail><longFreetext>PAX 4Z</longFreetext></otherDataFreetext><referenceForDataElement><reference><qualifier>ST</qualifier><number>1</number></reference><reference><qualifier>ST</qualifier><number>2</number></reference><reference><qualifier>ST</qualifier><number>3</number></reference><reference><qualifier>PT</qualifier><number>2</number></reference><reference><qualifier>PT</qualifier><number>4</number></reference></referenceForDataElement></dataElementsIndiv><dataElementsIndiv><elementManagementData><reference><qualifier>OT</qualifier><number>20</number></reference><segmentName>FV</segmentName><lineNumber>38</lineNumber></elementManagementData><otherDataFreetext><freetextDetail><subjectQualifier>3</subjectQualifier><type>P18</type></freetextDetail><longFreetext>INF 4Z</longFreetext></otherDataFreetext><referenceForDataElement><reference><qualifier>ST</qualifier><number>1</number></reference><reference><qualifier>ST</qualifier><number>2</number></reference><reference><qualifier>ST</qualifier><number>3</number></reference><reference><qualifier>PT</qualifier><number>2</number></reference></referenceForDataElement></dataElementsIndiv><dataElementsIndiv><elementManagementData><reference><qualifier>OT</qualifier><number>38</number></reference><segmentName>AB</segmentName><lineNumber>39</lineNumber></elementManagementData><otherDataFreetext><freetextDetail><subjectQualifier>3</subjectQualifier><type>2</type></freetextDetail><longFreetext>TEST/WETWET VWTET/WETWETEWTWE/CAPE TOWN//23523/ZA</longFreetext></otherDataFreetext></dataElementsIndiv></dataElementsMaster><tstData><tstGeneralInformation><generalInformation><tstReferenceNumber>1</tstReferenceNumber><tstCreationDate>190822</tstCreationDate></generalInformation></tstGeneralInformation><tstFreetext><freetextDetail><subjectQualifier>3</subjectQualifier><type>41</type></freetextDetail><longFreetext>PAX</longFreetext></tstFreetext><tstFreetext><freetextDetail><subjectQualifier>3</subjectQualifier><type>37</type></freetextDetail><longFreetext>JNB 4Z CPT495.00 4Z GRJ382.50 4Z JNB187.50ZAR1065.00END</longFreetext></tstFreetext><fareBasisInfo><fareElement><primaryCode>L4Z</primaryCode><notValidBefore>190822</notValidBefore><notValidAfter>190822</notValidAfter><baggageAllowance>20K</baggageAllowance><fareBasis>OWCH</fareBasis></fareElement><fareElement><primaryCode>L4Z</primaryCode><connection>O</connection><notValidBefore>200822</notValidBefore><notValidAfter>200822</notValidAfter><baggageAllowance>20K</baggageAllowance><fareBasis>OWCH</fareBasis></fareElement><fareElement><primaryCode>G4Z</primaryCode><connection>O</connection><notValidBefore>200822</notValidBefore><baggageAllowance>20K</baggageAllowance><fareBasis>OWCH</fareBasis></fareElement></fareBasisInfo><fareData><issueIdentifier>F</issueIdentifier><monetaryInfo><qualifier>F</qualifier><amount>1070.00</amount><currencyCode>ZAR</currencyCode></monetaryInfo><monetaryInfo><qualifier>T</qualifier><amount>3933.88</amount><currencyCode>ZAR</currencyCode></monetaryInfo><taxFields><taxIndicator>X</taxIndicator><taxCurrency>ZAR</taxCurrency><taxAmount>2270.00</taxAmount><taxCountryCode>YQ</taxCountryCode><taxNatureCode>AC</taxNatureCode></taxFields><taxFields><taxIndicator>X</taxIndicator><taxCurrency>ZAR</taxCurrency><taxAmount>82.62</taxAmount><taxCountryCode>EV</taxCountryCode><taxNatureCode>AB</taxNatureCode></taxFields><taxFields><taxIndicator>X</taxIndicator><taxCurrency>ZAR</taxCurrency><taxAmount>72.00</taxAmount><taxCountryCode>UM</taxCountryCode><taxNatureCode>SE</taxNatureCode></taxFields><taxFields><taxIndicator>X</taxIndicator><taxCurrency>ZAR</taxCurrency><taxAmount>278.76</taxAmount><taxCountryCode>ZA</taxCountryCode><taxNatureCode>EB</taxNatureCode></taxFields><taxFields><taxIndicator>X</taxIndicator><taxCurrency>ZAR</taxCurrency><taxAmount>160.50</taxAmount><taxCountryCode>ZV</taxCountryCode><taxNatureCode>GO</taxNatureCode></taxFields></fareData><segmentAssociation><selection><option>N</option></selection><selection><option>I</option></selection></segmentAssociation><referenceForTstData><reference><qualifier>PT</qualifier><number>5</number></reference><reference><qualifier>ST</qualifier><number>1</number></reference><reference><qualifier>ST</qualifier><number>2</number></reference><reference><qualifier>ST</qualifier><number>3</number></reference></referenceForTstData></tstData><tstData><tstGeneralInformation><generalInformation><tstReferenceNumber>2</tstReferenceNumber><tstCreationDate>190822</tstCreationDate></generalInformation></tstGeneralInformation><tstFreetext><freetextDetail><subjectQualifier>3</subjectQualifier><type>41</type></freetextDetail><longFreetext>PAX</longFreetext></tstFreetext><tstFreetext><freetextDetail><subjectQualifier>3</subjectQualifier><type>37</type></freetextDetail><longFreetext>JNB 4Z CPT660.00 4Z GRJ510.00 4Z JNB250.00ZAR1420.00END</longFreetext></tstFreetext><fareBasisInfo><fareElement><primaryCode>L4Z</primaryCode><notValidBefore>190822</notValidBefore><notValidAfter>190822</notValidAfter><baggageAllowance>20K</baggageAllowance><fareBasis>OW</fareBasis></fareElement><fareElement><primaryCode>L4Z</primaryCode><connection>O</connection><notValidBefore>200822</notValidBefore><notValidAfter>200822</notValidAfter><baggageAllowance>20K</baggageAllowance><fareBasis>OW</fareBasis></fareElement><fareElement><primaryCode>G4Z</primaryCode><connection>O</connection><notValidBefore>200822</notValidBefore><baggageAllowance>20K</baggageAllowance><fareBasis>OW</fareBasis></fareElement></fareBasisInfo><fareData><issueIdentifier>F</issueIdentifier><monetaryInfo><qualifier>F</qualifier><amount>1420.00</amount><currencyCode>ZAR</currencyCode></monetaryInfo><monetaryInfo><qualifier>T</qualifier><amount>4336.38</amount><currencyCode>ZAR</currencyCode></monetaryInfo><taxFields><taxIndicator>X</taxIndicator><taxCurrency>ZAR</taxCurrency><taxAmount>2270.00</taxAmount><taxCountryCode>YQ</taxCountryCode><taxNatureCode>AC</taxNatureCode></taxFields><taxFields><taxIndicator>X</taxIndicator><taxCurrency>ZAR</taxCurrency><taxAmount>82.62</taxAmount><taxCountryCode>EV</taxCountryCode><taxNatureCode>AB</taxNatureCode></taxFields><taxFields><taxIndicator>X</taxIndicator><taxCurrency>ZAR</taxCurrency><taxAmount>72.00</taxAmount><taxCountryCode>UM</taxCountryCode><taxNatureCode>SE</taxNatureCode></taxFields><taxFields><taxIndicator>X</taxIndicator><taxCurrency>ZAR</taxCurrency><taxAmount>278.76</taxAmount><taxCountryCode>ZA</taxCountryCode><taxNatureCode>EB</taxNatureCode></taxFields><taxFields><taxIndicator>X</taxIndicator><taxCurrency>ZAR</taxCurrency><taxAmount>213.00</taxAmount><taxCountryCode>ZV</taxCountryCode><taxNatureCode>GO</taxNatureCode></taxFields></fareData><segmentAssociation><selection><option>N</option></selection><selection><option>I</option></selection></segmentAssociation><referenceForTstData><reference><qualifier>PT</qualifier><number>2</number></reference><reference><qualifier>PT</qualifier><number>4</number></reference><reference><qualifier>ST</qualifier><number>1</number></reference><reference><qualifier>ST</qualifier><number>2</number></reference><reference><qualifier>ST</qualifier><number>3</number></reference></referenceForTstData></tstData><tstData><tstGeneralInformation><generalInformation><tstReferenceNumber>3</tstReferenceNumber><tstCreationDate>190822</tstCreationDate></generalInformation></tstGeneralInformation><tstFreetext><freetextDetail><subjectQualifier>3</subjectQualifier><type>41</type></freetextDetail><longFreetext>INF</longFreetext></tstFreetext><tstFreetext><freetextDetail><subjectQualifier>3</subjectQualifier><type>37</type></freetextDetail><longFreetext>JNB 4Z CPT66.00 4Z GRJ51.00 4Z JNB25.00ZAR142.00END</longFreetext></tstFreetext><fareBasisInfo><fareElement><primaryCode>L4Z</primaryCode><notValidBefore>190822</notValidBefore><notValidAfter>190822</notValidAfter><baggageAllowance>10K</baggageAllowance><fareBasis>OWIN</fareBasis></fareElement><fareElement><primaryCode>L4Z</primaryCode><connection>O</connection><notValidBefore>200822</notValidBefore><notValidAfter>200822</notValidAfter><baggageAllowance>10K</baggageAllowance><fareBasis>OWIN</fareBasis></fareElement><fareElement><primaryCode>G4Z</primaryCode><connection>O</connection><notValidBefore>200822</notValidBefore><baggageAllowance>10K</baggageAllowance><fareBasis>OWIN</fareBasis></fareElement></fareBasisInfo><fareData><issueIdentifier>F</issueIdentifier><monetaryInfo><qualifier>F</qualifier><amount>150.00</amount><currencyCode>ZAR</currencyCode></monetaryInfo><monetaryInfo><qualifier>T</qualifier><amount>399.50</amount><currencyCode>ZAR</currencyCode></monetaryInfo><taxFields><taxIndicator>X</taxIndicator><taxCurrency>ZAR</taxCurrency><taxAmount>227.00</taxAmount><taxCountryCode>YQ</taxCountryCode><taxNatureCode>AC</taxNatureCode></taxFields><taxFields><taxIndicator>X</taxIndicator><taxCurrency>ZAR</taxCurrency><taxAmount>22.50</taxAmount><taxCountryCode>ZV</taxCountryCode><taxNatureCode>GO</taxNatureCode></taxFields></fareData><segmentAssociation><selection><option>N</option></selection><selection><option>I</option></selection></segmentAssociation><referenceForTstData><reference><qualifier>PT</qualifier><number>2</number></reference><reference><qualifier>ST</qualifier><number>1</number></reference><reference><qualifier>ST</qualifier><number>2</number></reference><reference><qualifier>ST</qualifier><number>3</number></reference></referenceForTstData></tstData><pricingRecordGroup><pricingRecordData/><productPricingQuotationRecord><pricingRecordId><referenceType>TST</referenceType><uniqueReference>1</uniqueReference></pricingRecordId><passengerTattoos><passengerReference><type>PA</type><value>5</value></passengerReference></passengerTattoos><documentDetailsGroup><totalFare><monetaryDetails><typeQualifier>T</typeQualifier><amount>3933.88</amount><currency>ZAR</currency></monetaryDetails></totalFare><issueIdentifier><priceTariffType>F</priceTariffType></issueIdentifier><manualIndicator><statusDetails><indicator>M</indicator><action>N</action></statusDetails></manualIndicator><officeInformation><originIdentification><inHouseIdentification1>JNB4Z08AA</inHouseIdentification1><inHouseIdentification2>AA</inHouseIdentification2></originIdentification></officeInformation><creationDate><businessSemantic>CRD</businessSemantic><dateTime><year>2022</year><month>08</month><day>19</day></dateTime></creationDate><couponDetailsGroup><productId><referenceDetails><type>ST</type><value>1</value></referenceDetails></productId></couponDetailsGroup><couponDetailsGroup><productId><referenceDetails><type>ST</type><value>2</value></referenceDetails></productId></couponDetailsGroup><couponDetailsGroup><productId><referenceDetails><type>ST</type><value>3</value></referenceDetails></productId></couponDetailsGroup><fareComponentDetailsGroup><fareComponentID><itemNumberDetails><number>1</number><type>FAR</type></itemNumberDetails></fareComponentID><marketFareComponent><boardPointDetails><trueLocationId>JNB</trueLocationId></boardPointDetails><offpointDetails><trueLocationId>CPT</trueLocationId></offpointDetails></marketFareComponent><monetaryInformation><monetaryDetails><typeQualifier>B</typeQualifier><amount>495.00</amount><currency>ZAR</currency></monetaryDetails></monetaryInformation><componentClassInfo><fareBasisDetails><rateTariffClass>L4ZOWCH</rateTariffClass></fareBasisDetails></componentClassInfo><fareQualifiersDetail><discountDetails><fareQualifier>BOR</fareQualifier></discountDetails></fareQualifiersDetail><couponDetailsGroup><productId><referenceDetails><type>ST</type><value>1</value></referenceDetails></productId></couponDetailsGroup></fareComponentDetailsGroup><fareComponentDetailsGroup><fareComponentID><itemNumberDetails><number>2</number><type>FAR</type></itemNumberDetails></fareComponentID><marketFareComponent><boardPointDetails><trueLocationId>CPT</trueLocationId></boardPointDetails><offpointDetails><trueLocationId>GRJ</trueLocationId></offpointDetails></marketFareComponent><monetaryInformation><monetaryDetails><typeQualifier>B</typeQualifier><amount>382.50</amount><currency>ZAR</currency></monetaryDetails></monetaryInformation><componentClassInfo><fareBasisDetails><rateTariffClass>L4ZOWCH</rateTariffClass></fareBasisDetails></componentClassInfo><fareQualifiersDetail><discountDetails><fareQualifier>BOR</fareQualifier></discountDetails></fareQualifiersDetail><couponDetailsGroup><productId><referenceDetails><type>ST</type><value>2</value></referenceDetails></productId></couponDetailsGroup></fareComponentDetailsGroup><fareComponentDetailsGroup><fareComponentID><itemNumberDetails><number>3</number><type>FAR</type></itemNumberDetails></fareComponentID><marketFareComponent><boardPointDetails><trueLocationId>GRJ</trueLocationId></boardPointDetails><offpointDetails><trueLocationId>JNB</trueLocationId></offpointDetails></marketFareComponent><monetaryInformation><monetaryDetails><typeQualifier>B</typeQualifier><amount>187.50</amount><currency>ZAR</currency></monetaryDetails></monetaryInformation><componentClassInfo><fareBasisDetails><rateTariffClass>G4ZOWCH</rateTariffClass></fareBasisDetails></componentClassInfo><fareQualifiersDetail><discountDetails><fareQualifier>BOR</fareQualifier></discountDetails></fareQualifiersDetail><couponDetailsGroup><productId><referenceDetails><type>ST</type><value>3</value></referenceDetails></productId></couponDetailsGroup></fareComponentDetailsGroup></documentDetailsGroup></productPricingQuotationRecord><productPricingQuotationRecord><pricingRecordId><referenceType>TST</referenceType><uniqueReference>2</uniqueReference></pricingRecordId><passengerTattoos><passengerReference><type>PA</type><value>2</value></passengerReference></passengerTattoos><passengerTattoos><passengerReference><type>PA</type><value>4</value></passengerReference></passengerTattoos><documentDetailsGroup><totalFare><monetaryDetails><typeQualifier>T</typeQualifier><amount>4336.38</amount><currency>ZAR</currency></monetaryDetails></totalFare><issueIdentifier><priceTariffType>F</priceTariffType></issueIdentifier><manualIndicator><statusDetails><indicator>M</indicator><action>N</action></statusDetails></manualIndicator><officeInformation><originIdentification><inHouseIdentification1>JNB4Z08AA</inHouseIdentification1><inHouseIdentification2>AA</inHouseIdentification2></originIdentification></officeInformation><creationDate><businessSemantic>CRD</businessSemantic><dateTime><year>2022</year><month>08</month><day>19</day></dateTime></creationDate><couponDetailsGroup><productId><referenceDetails><type>ST</type><value>1</value></referenceDetails></productId></couponDetailsGroup><couponDetailsGroup><productId><referenceDetails><type>ST</type><value>2</value></referenceDetails></productId></couponDetailsGroup><couponDetailsGroup><productId><referenceDetails><type>ST</type><value>3</value></referenceDetails></productId></couponDetailsGroup><fareComponentDetailsGroup><fareComponentID><itemNumberDetails><number>1</number><type>FAR</type></itemNumberDetails></fareComponentID><marketFareComponent><boardPointDetails><trueLocationId>JNB</trueLocationId></boardPointDetails><offpointDetails><trueLocationId>CPT</trueLocationId></offpointDetails></marketFareComponent><monetaryInformation><monetaryDetails><typeQualifier>B</typeQualifier><amount>660.00</amount><currency>ZAR</currency></monetaryDetails></monetaryInformation><componentClassInfo><fareBasisDetails><rateTariffClass>L4ZOW</rateTariffClass></fareBasisDetails></componentClassInfo><fareQualifiersDetail><discountDetails><fareQualifier>BOR</fareQualifier></discountDetails></fareQualifiersDetail><couponDetailsGroup><productId><referenceDetails><type>ST</type><value>1</value></referenceDetails></productId></couponDetailsGroup></fareComponentDetailsGroup><fareComponentDetailsGroup><fareComponentID><itemNumberDetails><number>2</number><type>FAR</type></itemNumberDetails></fareComponentID><marketFareComponent><boardPointDetails><trueLocationId>CPT</trueLocationId></boardPointDetails><offpointDetails><trueLocationId>GRJ</trueLocationId></offpointDetails></marketFareComponent><monetaryInformation><monetaryDetails><typeQualifier>B</typeQualifier><amount>510.00</amount><currency>ZAR</currency></monetaryDetails></monetaryInformation><componentClassInfo><fareBasisDetails><rateTariffClass>L4ZOW</rateTariffClass></fareBasisDetails></componentClassInfo><fareQualifiersDetail><discountDetails><fareQualifier>BOR</fareQualifier></discountDetails></fareQualifiersDetail><couponDetailsGroup><productId><referenceDetails><type>ST</type><value>2</value></referenceDetails></productId></couponDetailsGroup></fareComponentDetailsGroup><fareComponentDetailsGroup><fareComponentID><itemNumberDetails><number>3</number><type>FAR</type></itemNumberDetails></fareComponentID><marketFareComponent><boardPointDetails><trueLocationId>GRJ</trueLocationId></boardPointDetails><offpointDetails><trueLocationId>JNB</trueLocationId></offpointDetails></marketFareComponent><monetaryInformation><monetaryDetails><typeQualifier>B</typeQualifier><amount>250.00</amount><currency>ZAR</currency></monetaryDetails></monetaryInformation><componentClassInfo><fareBasisDetails><rateTariffClass>G4ZOW</rateTariffClass></fareBasisDetails></componentClassInfo><fareQualifiersDetail><discountDetails><fareQualifier>BOR</fareQualifier></discountDetails></fareQualifiersDetail><couponDetailsGroup><productId><referenceDetails><type>ST</type><value>3</value></referenceDetails></productId></couponDetailsGroup></fareComponentDetailsGroup></documentDetailsGroup></productPricingQuotationRecord><productPricingQuotationRecord><pricingRecordId><referenceType>TST</referenceType><uniqueReference>3</uniqueReference></pricingRecordId><passengerTattoos><passengerReference><type>PI</type><value>2</value></passengerReference></passengerTattoos><documentDetailsGroup><totalFare><monetaryDetails><typeQualifier>T</typeQualifier><amount>399.50</amount><currency>ZAR</currency></monetaryDetails></totalFare><issueIdentifier><priceTariffType>F</priceTariffType></issueIdentifier><manualIndicator><statusDetails><indicator>M</indicator><action>N</action></statusDetails></manualIndicator><officeInformation><originIdentification><inHouseIdentification1>JNB4Z08AA</inHouseIdentification1><inHouseIdentification2>AA</inHouseIdentification2></originIdentification></officeInformation><creationDate><businessSemantic>CRD</businessSemantic><dateTime><year>2022</year><month>08</month><day>19</day></dateTime></creationDate><couponDetailsGroup><productId><referenceDetails><type>ST</type><value>1</value></referenceDetails></productId></couponDetailsGroup><couponDetailsGroup><productId><referenceDetails><type>ST</type><value>2</value></referenceDetails></productId></couponDetailsGroup><couponDetailsGroup><productId><referenceDetails><type>ST</type><value>3</value></referenceDetails></productId></couponDetailsGroup><fareComponentDetailsGroup><fareComponentID><itemNumberDetails><number>1</number><type>FAR</type></itemNumberDetails></fareComponentID><marketFareComponent><boardPointDetails><trueLocationId>JNB</trueLocationId></boardPointDetails><offpointDetails><trueLocationId>CPT</trueLocationId></offpointDetails></marketFareComponent><monetaryInformation><monetaryDetails><typeQualifier>B</typeQualifier><amount>66.00</amount><currency>ZAR</currency></monetaryDetails></monetaryInformation><componentClassInfo><fareBasisDetails><rateTariffClass>L4ZOWIN</rateTariffClass></fareBasisDetails></componentClassInfo><fareQualifiersDetail><discountDetails><fareQualifier>BOR</fareQualifier></discountDetails></fareQualifiersDetail><couponDetailsGroup><productId><referenceDetails><type>ST</type><value>1</value></referenceDetails></productId></couponDetailsGroup></fareComponentDetailsGroup><fareComponentDetailsGroup><fareComponentID><itemNumberDetails><number>2</number><type>FAR</type></itemNumberDetails></fareComponentID><marketFareComponent><boardPointDetails><trueLocationId>CPT</trueLocationId></boardPointDetails><offpointDetails><trueLocationId>GRJ</trueLocationId></offpointDetails></marketFareComponent><monetaryInformation><monetaryDetails><typeQualifier>B</typeQualifier><amount>51.00</amount><currency>ZAR</currency></monetaryDetails></monetaryInformation><componentClassInfo><fareBasisDetails><rateTariffClass>L4ZOWIN</rateTariffClass></fareBasisDetails></componentClassInfo><fareQualifiersDetail><discountDetails><fareQualifier>BOR</fareQualifier></discountDetails></fareQualifiersDetail><couponDetailsGroup><productId><referenceDetails><type>ST</type><value>2</value></referenceDetails></productId></couponDetailsGroup></fareComponentDetailsGroup><fareComponentDetailsGroup><fareComponentID><itemNumberDetails><number>3</number><type>FAR</type></itemNumberDetails></fareComponentID><marketFareComponent><boardPointDetails><trueLocationId>GRJ</trueLocationId></boardPointDetails><offpointDetails><trueLocationId>JNB</trueLocationId></offpointDetails></marketFareComponent><monetaryInformation><monetaryDetails><typeQualifier>B</typeQualifier><amount>25.00</amount><currency>ZAR</currency></monetaryDetails></monetaryInformation><componentClassInfo><fareBasisDetails><rateTariffClass>G4ZOWIN</rateTariffClass></fareBasisDetails></componentClassInfo><fareQualifiersDetail><discountDetails><fareQualifier>BOR</fareQualifier></discountDetails></fareQualifiersDetail><couponDetailsGroup><productId><referenceDetails><type>ST</type><value>3</value></referenceDetails></productId></couponDetailsGroup></fareComponentDetailsGroup></documentDetailsGroup></productPricingQuotationRecord></pricingRecordGroup><dcsData><markerPax/><markerSegment/><segmentSection><elementManagementStructData><elementReference><qualifier>OT</qualifier><number>72</number></elementReference><segmentName>PDS</segmentName></elementManagementStructData><referenceForStructDataElement><reference><qualifier>PT</qualifier><number>2</number></reference><reference><qualifier>ST</qualifier><number>1</number></reference></referenceForStructDataElement><dcsSegmentInfo><booking/><paxType><referenceDetails><type>A</type></referenceDetails></paxType></dcsSegmentInfo></segmentSection><segmentSection><elementManagementStructData><elementReference><qualifier>OT</qualifier><number>76</number></elementReference><segmentName>PDS</segmentName></elementManagementStructData><referenceForStructDataElement><reference><qualifier>PT</qualifier><number>2</number></reference><reference><qualifier>ST</qualifier><number>1</number></reference></referenceForStructDataElement><dcsSegmentInfo><booking/><paxType><referenceDetails><type>INF</type></referenceDetails></paxType></dcsSegmentInfo></segmentSection><segmentSection><elementManagementStructData><elementReference><qualifier>OT</qualifier><number>78</number></elementReference><segmentName>PDS</segmentName></elementManagementStructData><referenceForStructDataElement><reference><qualifier>PT</qualifier><number>4</number></reference><reference><qualifier>ST</qualifier><number>1</number></reference></referenceForStructDataElement><dcsSegmentInfo><booking/><paxType><referenceDetails><type>A</type></referenceDetails></paxType></dcsSegmentInfo></segmentSection><segmentSection><elementManagementStructData><elementReference><qualifier>OT</qualifier><number>68</number></elementReference><segmentName>PDS</segmentName></elementManagementStructData><referenceForStructDataElement><reference><qualifier>PT</qualifier><number>5</number></reference><reference><qualifier>ST</qualifier><number>1</number></reference></referenceForStructDataElement><dcsSegmentInfo><booking/><paxType><referenceDetails><type>A</type></referenceDetails></paxType></dcsSegmentInfo></segmentSection><segmentSection><elementManagementStructData><elementReference><qualifier>OT</qualifier><number>60</number></elementReference><segmentName>PDS</segmentName></elementManagementStructData><referenceForStructDataElement><reference><qualifier>PT</qualifier><number>5</number></reference><reference><qualifier>ST</qualifier><number>2</number></reference></referenceForStructDataElement><dcsSegmentInfo><booking/><paxType><referenceDetails><type>A</type></referenceDetails></paxType></dcsSegmentInfo></segmentSection><segmentSection><elementManagementStructData><elementReference><qualifier>OT</qualifier><number>64</number></elementReference><segmentName>PDS</segmentName></elementManagementStructData><referenceForStructDataElement><reference><qualifier>PT</qualifier><number>5</number></reference><reference><qualifier>ST</qualifier><number>3</number></reference></referenceForStructDataElement><dcsSegmentInfo><booking/><paxType><referenceDetails><type>A</type></referenceDetails></paxType></dcsSegmentInfo></segmentSection><markerLeg/><legSection><elementManagementStructData><elementReference><qualifier>OT</qualifier><number>74</number></elementReference><segmentName>PDL</segmentName></elementManagementStructData><referenceForStructDataElement><reference><qualifier>PT</qualifier><number>2</number></reference><reference><qualifier>ST</qualifier><number>1</number></reference></referenceForStructDataElement><dcsLegInfo><legPosition><itemNumber>1</itemNumber></legPosition><leg><origin>JNB</origin><destination>CPT</destination></leg><paxType><referenceDetails><type>A</type></referenceDetails></paxType><seatDelivery><seatDetails><seatNumber>013F</seatNumber><seatCharacteristic>N</seatCharacteristic><seatCharacteristic>W</seatCharacteristic><seatCharacteristic>ES</seatCharacteristic><seatCharacteristic>I</seatCharacteristic></seatDetails></seatDelivery><paxStatus><statusDetails><indicator>CAC</indicator><type>CAS</type></statusDetails><statusDetails><indicator>NBD</indicator><type>BDS</type></statusDetails><statusDetails><indicator>NRG</indicator><type>RGS</type></statusDetails><statusDetails><indicator>REC</indicator><type>CRS</type></statusDetails><statusDetails><indicator>NBG</indicator><type>CBS</type></statusDetails><statusDetails><indicator>NFL</indicator><type>TPS</type></statusDetails><statusDetails><indicator>NCW</indicator><type>WLS</type></statusDetails></paxStatus><regradeCabin><cabinCode>Y</cabinCode></regradeCabin><acceptanceChannel><acceptanceOrigin><originatorTypeCode>D</originatorTypeCode></acceptanceOrigin><applicationType><applicationDetails><internalId>WEB</internalId></applicationDetails></applicationType></acceptanceChannel></dcsLegInfo></legSection><legSection><elementManagementStructData><elementReference><qualifier>OT</qualifier><number>80</number></elementReference><segmentName>PDL</segmentName></elementManagementStructData><referenceForStructDataElement><reference><qualifier>PT</qualifier><number>2</number></reference><reference><qualifier>ST</qualifier><number>1</number></reference></referenceForStructDataElement><dcsLegInfo><legPosition><itemNumber>1</itemNumber></legPosition><leg><origin>JNB</origin><destination>CPT</destination></leg><paxType><referenceDetails><type>INF</type></referenceDetails></paxType><seatDelivery><seatDetails><seatNumber>013F</seatNumber><seatCharacteristic>N</seatCharacteristic><seatCharacteristic>W</seatCharacteristic><seatCharacteristic>ES</seatCharacteristic><seatCharacteristic>I</seatCharacteristic></seatDetails></seatDelivery><paxStatus><statusDetails><indicator>CAC</indicator><type>CAS</type></statusDetails><statusDetails><indicator>NBD</indicator><type>BDS</type></statusDetails><statusDetails><indicator>NRG</indicator><type>RGS</type></statusDetails><statusDetails><indicator>REC</indicator><type>CRS</type></statusDetails><statusDetails><indicator>NBG</indicator><type>CBS</type></statusDetails><statusDetails><indicator>NFL</indicator><type>TPS</type></statusDetails><statusDetails><indicator>NCW</indicator><type>WLS</type></statusDetails></paxStatus><regradeCabin><cabinCode>Y</cabinCode></regradeCabin><acceptanceChannel><acceptanceOrigin><originatorTypeCode>D</originatorTypeCode></acceptanceOrigin><applicationType><applicationDetails><internalId>WEB</internalId></applicationDetails></applicationType></acceptanceChannel></dcsLegInfo></legSection><legSection><elementManagementStructData><elementReference><qualifier>OT</qualifier><number>82</number></elementReference><segmentName>PDL</segmentName></elementManagementStructData><referenceForStructDataElement><reference><qualifier>PT</qualifier><number>4</number></reference><reference><qualifier>ST</qualifier><number>1</number></reference></referenceForStructDataElement><dcsLegInfo><legPosition><itemNumber>1</itemNumber></legPosition><leg><origin>JNB</origin><destination>CPT</destination></leg><paxType><referenceDetails><type>A</type></referenceDetails></paxType><seatDelivery><seatDetails><seatNumber>013C</seatNumber><seatCharacteristic>N</seatCharacteristic><seatCharacteristic>A</seatCharacteristic><seatCharacteristic>ES</seatCharacteristic><seatCharacteristic>I</seatCharacteristic></seatDetails></seatDelivery><paxStatus><statusDetails><indicator>CNA</indicator><type>CAS</type></statusDetails><statusDetails><indicator>NBD</indicator><type>BDS</type></statusDetails><statusDetails><indicator>NRG</indicator><type>RGS</type></statusDetails><statusDetails><indicator>REC</indicator><type>CRS</type></statusDetails><statusDetails><indicator>NBG</indicator><type>CBS</type></statusDetails><statusDetails><indicator>NFL</indicator><type>TPS</type></statusDetails><statusDetails><indicator>NCW</indicator><type>WLS</type></statusDetails></paxStatus><regradeCabin><cabinCode>Y</cabinCode></regradeCabin></dcsLegInfo></legSection><legSection><elementManagementStructData><elementReference><qualifier>OT</qualifier><number>70</number></elementReference><segmentName>PDL</segmentName></elementManagementStructData><referenceForStructDataElement><reference><qualifier>PT</qualifier><number>5</number></reference><reference><qualifier>ST</qualifier><number>1</number></reference></referenceForStructDataElement><dcsLegInfo><legPosition><itemNumber>1</itemNumber></legPosition><leg><origin>JNB</origin><destination>CPT</destination></leg><paxType><referenceDetails><type>A</type></referenceDetails></paxType><seatDelivery><seatDetails><seatNumber>013D</seatNumber><seatCharacteristic>N</seatCharacteristic><seatCharacteristic>A</seatCharacteristic><seatCharacteristic>ES</seatCharacteristic><seatCharacteristic>I</seatCharacteristic></seatDetails></seatDelivery><paxStatus><statusDetails><indicator>CAC</indicator><type>CAS</type></statusDetails><statusDetails><indicator>NBD</indicator><type>BDS</type></statusDetails><statusDetails><indicator>NRG</indicator><type>RGS</type></statusDetails><statusDetails><indicator>REC</indicator><type>CRS</type></statusDetails><statusDetails><indicator>NBG</indicator><type>CBS</type></statusDetails><statusDetails><indicator>NFL</indicator><type>TPS</type></statusDetails><statusDetails><indicator>NCW</indicator><type>WLS</type></statusDetails></paxStatus><regradeCabin><cabinCode>Y</cabinCode></regradeCabin><acceptanceChannel><acceptanceOrigin><originatorTypeCode>D</originatorTypeCode></acceptanceOrigin><applicationType><applicationDetails><internalId>WEB</internalId></applicationDetails></applicationType></acceptanceChannel></dcsLegInfo></legSection><legSection><elementManagementStructData><elementReference><qualifier>OT</qualifier><number>62</number></elementReference><segmentName>PDL</segmentName></elementManagementStructData><referenceForStructDataElement><reference><qualifier>PT</qualifier><number>5</number></reference><reference><qualifier>ST</qualifier><number>2</number></reference></referenceForStructDataElement><dcsLegInfo><legPosition><itemNumber>1</itemNumber></legPosition><leg><origin>CPT</origin><destination>GRJ</destination></leg><paxType><referenceDetails><type>A</type></referenceDetails></paxType><paxStatus><statusDetails><indicator>CNA</indicator><type>CAS</type></statusDetails><statusDetails><indicator>NBD</indicator><type>BDS</type></statusDetails><statusDetails><indicator>NRG</indicator><type>RGS</type></statusDetails><statusDetails><indicator>REC</indicator><type>CRS</type></statusDetails><statusDetails><indicator>NBG</indicator><type>CBS</type></statusDetails><statusDetails><indicator>NFL</indicator><type>TPS</type></statusDetails><statusDetails><indicator>NCW</indicator><type>WLS</type></statusDetails></paxStatus><regradeCabin><cabinCode>Y</cabinCode></regradeCabin></dcsLegInfo></legSection><legSection><elementManagementStructData><elementReference><qualifier>OT</qualifier><number>66</number></elementReference><segmentName>PDL</segmentName></elementManagementStructData><referenceForStructDataElement><reference><qualifier>PT</qualifier><number>5</number></reference><reference><qualifier>ST</qualifier><number>3</number></reference></referenceForStructDataElement><dcsLegInfo><legPosition><itemNumber>1</itemNumber></legPosition><leg><origin>GRJ</origin><destination>JNB</destination></leg><paxType><referenceDetails><type>A</type></referenceDetails></paxType><paxStatus><statusDetails><indicator>CNA</indicator><type>CAS</type></statusDetails><statusDetails><indicator>NBD</indicator><type>BDS</type></statusDetails><statusDetails><indicator>NRG</indicator><type>RGS</type></statusDetails><statusDetails><indicator>REC</indicator><type>CRS</type></statusDetails><statusDetails><indicator>NBG</indicator><type>CBS</type></statusDetails><statusDetails><indicator>NFL</indicator><type>TPS</type></statusDetails><statusDetails><indicator>NCW</indicator><type>WLS</type></statusDetails></paxStatus><regradeCabin><cabinCode>Y</cabinCode></regradeCabin></dcsLegInfo></legSection></dcsData></PNR_Reply></soapenv:Body></soapenv:Envelope>